"1000 Jokes 097","2022-02"
"15 Years Of Heavy Metal","2022-02"
"Aaron Strips 3","2022-10"
"Aaron Strips 4","2022-10"
"Aces High [Gemstone] 1","2022-09"
"Aces High [Gemstone] 2","2022-09"
"Aces High [Gemstone] 3","2022-09"
"Aces High [Gemstone] 4","2022-09"
"Aces High [Gemstone] 5","2022-09"
"Action Comics 001 [reprint]","2022-14"
"Action Comics 685 [3rd printing]","2022-14"
"Action Comics 686","2022-14"
"Action Comics 687","2022-14"
"Action Comics 688","2022-14"
"Action Comics 689","2022-14"
"Action Comics 690","2022-14"
"Action Comics 691","2022-14"
"Action Comics 692","2022-14"
"Action Comics 700","2024-12-29-1"
"Action Comics 703","2024-12-29-1"
"Action Comics 706","2024-12-29-1"
"Action Comics Annual 06","2024-12-29-1"
"Action Comics Annual 08","2024-12-29-1"
"Adventure Into Mystery 3","2022-14"
"Adventures Into Terror 21","2022-14"
"Adventures Into Terror 26","2022-14"
"Adventures Into The Unknown 100","2022-18"
"Adventures Into The Unknown! Halloween Special","2022-10"
"Adventures Into The Unknown! [A-Plus] 1","2022-10"
"Adventures Into The Unknown! [A-Plus] 2 [1]","2022-10"
"Adventures Into The Unknown! [A-Plus] 2 [2]","2022-10"
"Adventures Of Aaron 3","2022-10"
"Adventures Of Superman 498 [1st edition]","2022-14"
"Adventures Of Superman 499","2022-14"
"Adventures Of Superman 500 [3rd edition]","2022-14"
"Adventures Of Superman 500","2022-14"
"Adventures Of Superman 501","2022-14"
"Adventures Of Superman 502","2022-14"
"Adventures Of Superman 503","2022-14"
"Adventures Of Superman 504","2022-14"
"Adventures Of Superman 505 [direct edition, unbagged]","2022-14"
"Adventures Of Superman 505","2022-14"
"Adventures Of Superman 506","2022-14"
"Adventures Of Superman 513","2024-12-29-1"
"Adventures Of Superman 516","2024-12-29-1"
"Adventures Of Superman Annual 6 [1]","2024-12-29-1"
"Adventures Of Superman Annual 6 [2]","2024-12-29-1"
"Adventures Of Superman Annual 7","2024-12-29-1"
"Adventures Of Superman Annual 8","2022-10"
"Adventures of the Screamer Bros. 2","2022-21"
"Adventurous Uncle Scrooge McDuck 2","2022-13"
"Air Ace v3#2","2022-10"
"All New Underground Comics 05 - Two-Fisted Zombies","2022-21"
"All-Atomic Comics 1 [2nd printing]","2022-21"
"Amazing Detective Cases 14","2022-14"
"Amazing Ghost Stories 14","2022-14"
"Amazon 1","2022-10"
"Ambush Bug Nothing Special 1","2024-12-29-1"
"Animaniacs Presents... Tales From The Tower 26","2022-17"
"Anti-Hitler Comics","2022-14"
"Archie 027","2022-14"
"Archie 038","2022-14"
"Archie 046","2022-13"
"Archie Annual 04","2022-13"
"Archie Annual 06","2022-11"
"Archie Annual 07","2022-14"
"Archie Giant 228 - Archie's Christmas Stocking","2022-13"
"Archie's Madhouse 55","2022-14"
"Archie's Madhouse 58","2022-14"
"Archie's Pals 'N' Gals 034","2022-14"
"Archie's Something Else!","2022-10"
"Arion The Immortal 6","2024-12-29-1"
"Assassins 1","2022-10"
"Authority 05","2022-10"
"Avengers 239","2022-10"
"Babe 06","2022-14"
"Bart Simpson's Treehouse Of Horror 08","2022-21"
"Bart Simpson's Treehouse Of Horror 09","2022-21"
"Bart Simpson's Treehouse Of Horror 10","2022-21"
"Bart Simpson's Treehouse Of Horror 11","2022-21"
"Bart Simpson's Treehouse Of Horror 12","2022-21"
"Bart Simpson's Treehouse Of Horror 13","2022-07"
"Bart Simpson's Treehouse Of Horror 15","2022-17"
"Bart Simpson's Treehouse Of Horror 16","2022-07"
"Bart Simpson's Treehouse Of Horror 17","2022-07"
"Bartman And Radioactive Man 01","2022-07"
"Baseball Comics 1","2022-10"
"Baseball Comics 2","2022-10"
"Bastard Tales 1","2022-21"
"Bastard Tales 2","2022-21"
"Batman - Black And White 1","2024-12-29-1"
"Batman - Black And White 2","2024-12-29-1"
"Batman - Black And White 3","2024-12-29-1"
"Batman - Black And White 4","2024-12-29-1"
"Batman - Ghosts 1","2024-12-29-1"
"Batman - Gotham By Gaslight 1","2024-12-29-1"
"Batman - Madness 1","2024-12-29-1"
"Batman - Shadow Of The Bat 31","2024-12-29-1"
"Batman - Shadow Of The Bat Annual 2","2024-12-29-1"
"Batman - The 10 Cent Adventure 1","2022-21"
"Batman 000","2024-12-29-1"
"Batman 511","2024-12-29-1"
"Batman 523","2024-12-29-1"
"Batman Adventures v1#02","2024-12-29-1"
"Batman Adventures v1#08","2024-12-29-1"
"Batman Adventures v1#13","2024-12-29-1"
"Batman Adventures v1#30 [1]","2024-12-29-1"
"Batman Adventures v1#30 [2]","2024-12-29-1"
"Batman Adventures v1#33","2024-12-29-1"
"Batman Annual 18","2024-12-29-1"
"Batman Annual 19","2024-12-29-1"
"Batman Annual 20","2024-12-29-1"
"Batman Annual 21 [1]","2022-11"
"Batman Annual 21 [2]","2024-12-29-1"
"Batman Annual 22","2022-21"
"Batman Family 04","2024-12-29-1"
"Batman Legends Of The Dark Knight 094","2022-11"
"Batman Villains Secret Files 1","2022-10"
"Beatles Story","2022-02"
"Beautiful Stories For Ugly Children 24 - I Am Paul's Dog","2022-10"
"Beauty And The Beast 1","2022-10"
"Ben Is Dead 24","2022-02"
"Ben Is Dead 27","2022-02"
"Best Of Dennis The Menace 1","2024-03-06-1"
"Best Of Dennis The Menace 2 -Surprise Package","2024-03-06-1"
"Best Of Dennis The Menace 3","2024-03-06-1"
"Best Of Dennis The Menace 4 - Surprise Package","2024-03-06-1"
"Best Of Dennis The Menace 5","2024-03-06-1"
"Beware! 1","2022-20"
"Beware! 2","2022-10"
"Beware! 2","2022-20"
"Beware! 3","2022-20"
"Beware! 4","2022-20"
"Beware! 5","2022-20"
"Beware! 6","2022-20"
"Beware! 7","2022-20"
"Beware! 8","2022-20"
"Beyond 03","2022-14"
"Bill Spicer's Graphic Story Magazine","2022-06"
"Blab! 01","2022-07"
"Black Hood Annual 1","2022-10"
"Blue Bolt v8#11","2022-10"
"Bone 10","2022-11"
"Bone 11","2022-11"
"Bone 12","2022-11"
"Bongo Comics Free-For-All [FCBD 2011]","2022-07"
"Books Of Magic Annual 1","2022-11"
"Boots And Her Buddies 3","2022-18"
"Boy Comics 052","2022-14"
"Boy Comics 059","2022-14"
"Boy Comics 070","2022-16"
"Boy Comics 109","2022-14"
"Boy Comics 114","2022-14"
"Bruce Wayne Agent Of S.H.I.E.L.D. 1","2022-10"
"Bughouse 2","2022-14"
"Bughouse 3","2022-14"
"Bugs Bunny 086 - Showtime","2022-14"
"Bugs Bunny 109 - Christmas Fun","2022-14"
"Bugs Bunny And Porky Pig 1","2022-14"
"Bullets And Bracelets 1","2022-10"
"CARToons 050","2022-02"
"Cadillacs And Dinosaurs [Topps] 1B","2022-10"
"Candy 44","2022-18"
"Captain Glory 1","2022-21"
"Casper And Nightmare 11","2022-16"
"Casper And Nightmare 14","2022-16"
"Casper And Nightmare 17","2022-16"
"Casper's Ghostland 29","2022-16"
"Casper's Ghostland 33","2022-16"
"Casper's Ghostland 34","2022-16"
"Casper's Ghostland 40","2022-16"
"Catwoman Annual v2#1","2024-12-29-1"
"Catwoman v2#14","2024-12-29-1"
"Catwoman v2#25","2024-12-29-1"
"Chamber Of Chills [Marvel] 01","2022-20"
"Chamber Of Chills [Marvel] 02","2022-20"
"Chamber Of Chills [Marvel] 03","2022-20"
"Chamber Of Chills [Marvel] 04","2022-20"
"Chamber Of Chills [Marvel] 05","2022-20"
"Chamber Of Chills [Marvel] 06","2022-20"
"Chamber Of Chills [Marvel] 07","2022-20"
"Chamber Of Chills [Marvel] 08","2022-20"
"Chamber Of Chills [Marvel] 09","2022-20"
"Chamber Of Chills [Marvel] 10","2022-20"
"Chamber Of Chills [Marvel] 11","2022-20"
"Chamber Of Chills [Marvel] 12","2022-20"
"Chamber Of Chills [Marvel] 13","2022-20"
"Chamber Of Chills [Marvel] 14","2022-20"
"Chamber Of Chills [Marvel] 15","2022-20"
"Chamber Of Chills [Marvel] 16","2022-20"
"Chamber Of Chills [Marvel] 17","2022-20"
"Chamber Of Chills [Marvel] 18","2022-20"
"Chamber Of Chills [Marvel] 19","2022-20"
"Chamber Of Chills [Marvel] 20","2022-20"
"Chamber Of Chills [Marvel] 21","2022-20"
"Chamber Of Chills [Marvel] 22","2022-20"
"Chamber Of Chills [Marvel] 23","2022-20"
"Chamber Of Chills [Marvel] 24","2022-20"
"Chamber Of Chills [Marvel] 25","2022-20"
"Childhood's End 1","2022-10"
"Christmas With The Super-Heroes 01","2022-17"
"Christmas With The Super-Heroes 02","2022-18"
"Classics Illustrated 163 - Master Of The World","2022-10"
"Comic Book Marketplace 005","2022-05+++"
"Comic Book Marketplace 009","2022-05+++"
"Comic Book Marketplace 010","2022-05+++"
"Comic Book Marketplace 012","2022-05+++"
"Comic Book Marketplace 014","2022-05+++"
"Comic Book Marketplace 015","2022-05+++"
"Comic Book Marketplace 016","2022-05+++"
"Comic Book Marketplace 017","2022-05+++"
"Comic Book Marketplace 018","2022-05+++"
"Comic Book Marketplace 019","2022-05+++"
"Comic Book Marketplace 020","2022-05+++"
"Comic Book Marketplace 021","2022-05+++"
"Comic Book Marketplace 022","2022-05+++"
"Comic Book Marketplace 024","2022-05+++"
"Comic Book Marketplace 025","2022-05+++"
"Comic Book Marketplace 026","2022-05+++"
"Comic Book Marketplace 027","2022-05+++"
"Comic Book Marketplace 028","2022-05+++"
"Comic Book Marketplace 030","2022-05+++"
"Comic Book Marketplace 034","2022-05+++"
"Comic Book Marketplace 035","2022-05+++"
"Comic Book Marketplace 037","2022-05+++"
"Comic Book Marketplace 039","2022-05+++"
"Comic Book Marketplace 040","2022-05+++"
"Comic Book Marketplace 041","2022-05+++"
"Comic Book Marketplace 042","2022-05+++"
"Comic Book Marketplace 044","2022-05+++"
"Comic Book Marketplace 046","2022-05+++"
"Comic Book Marketplace 049","2022-05+++"
"Comic Book Marketplace 051","2022-05+++"
"Comic Book Marketplace 065","2022-05+++"
"Comic Book Marketplace 073","2022-05+++"
"Comic Book Marketplace 080","2022-05+++"
"Comics And Stories 1","2022-16"
"Comics And Stories 2","2022-16"
"Comics And Stories 3","2022-16"
"Comics And Stories 4","2022-16"
"Comics Journal 177","2022-06"
"Comics Journal 197","2022-06"
"Comics Journal 225","2022-06"
"Comics Journal 227","2022-06"
"Comics On Parade 092 - Nancy And Sluggo","2022-18"
"Comics' Greatest World - Barb Wire","2022-10"
"Conan The King 37","2022-10"
"Consumer Comix","2022-21"
"Cookie 14","2022-18"
"Cookie 26","2022-18"
"Cookie 39","2022-18"
"Cookie 41","2022-18"
"Cookie 42","2022-18"
"Cookie 50","2022-16"
"Cracked 007","2022-02"
"Cracked 038","2022-06"
"Cracked 041","2022-02"
"Cracked 042","2022-02"
"Cracked Monster Party 04","2022-02"
"Cracked Monster Party 09","2022-02"
"Creatures On The Loose 18","2022-20"
"Creatures On The Loose 20","2022-20"
"Creepy 001","2022-05+++"
"Creepy 002","2022-05+++"
"Creepy 006","2022-05+++"
"Creepy 009","2022-05+++"
"Creepy 025","2022-05+++"
"Creepy 026","2022-05+++"
"Creepy 030","2022-05+++"
"Creepy 043","2022-05+++"
"Creepy 044","2022-05+++"
"Creepy 048","2022-05+++"
"Creepy 051","2022-05+++"
"Creepy 052","2022-05+++"
"Creepy 054","2022-05+++"
"Creepy 055","2022-05+++"
"Creepy 056","2022-05+++"
"Creepy 057","2022-05+++"
"Creepy 058","2022-05+++"
"Creepy 059","2022-05+++"
"Creepy 060","2022-05+++"
"Creepy 061","2022-05+++"
"Creepy 064","2022-05+++"
"Creepy 065","2022-05+++"
"Creepy 073","2022-05+++"
"Creepy 077","2022-05+++"
"Creepy 078","2022-05+++"
"Creepy 079","2022-05+++"
"Creepy 080","2022-05+++"
"Creepy 081","2022-05+++"
"Creepy 082","2022-05+++"
"Creepy 083","2022-05+++"
"Creepy 086","2022-05+++"
"Creepy 088","2022-05+++"
"Creepy 090","2022-05+++"
"Creepy Annual 1971-1972","2022-05+++"
"Creepy Yearbook 1970","2022-05+++"
"Creepy [Harris] 1","2022-18"
"Crime And Justice 20","2022-18"
"Crime Does Not Pay 067","2022-18"
"Crime Does Not Pay 107","2022-20"
"Crime Does Not Pay 126","2022-18"
"Crime Must Pay The Penalty! 27","2022-18"
"Crime Must Pay The Penalty! 36","2022-13"
"Crime Patrol [Gemstone] 02","2022-09"
"Crime Patrol [Gemstone] 05","2022-09"
"Crime Patrol [Gemstone] 06","2022-09"
"Crime Patrol [Gemstone] 07","2022-09"
"Crime Patrol [Gemstone] 08","2022-09"
"Crime Patrol [Gemstone] 09","2022-09"
"Crime Patrol [Gemstone] 10","2022-09"
"Crime SuspenStories [East Coast] 25","2022-09"
"Crime SuspenStories [Gemstone] 01","2022-09"
"Crime SuspenStories [Gemstone] 02","2022-09"
"Crime SuspenStories [Gemstone] 03","2022-09"
"Crime SuspenStories [Gemstone] 04","2022-09"
"Crime SuspenStories [Gemstone] 05","2022-09"
"Crime SuspenStories [Gemstone] 06","2022-09"
"Crime SuspenStories [Gemstone] 09","2022-09"
"Crime SuspenStories [Gemstone] 11","2022-09"
"Crime SuspenStories [Gemstone] 12","2022-09"
"Crime SuspenStories [Gemstone] 13","2022-09"
"Crime SuspenStories [Gemstone] 14","2022-09"
"Crime SuspenStories [Gemstone] 15","2022-09"
"Crime SuspenStories [Gemstone] 16","2022-09"
"Crime SuspenStories [Gemstone] 17","2022-09"
"Crime SuspenStories [Gemstone] 18","2022-09"
"Crime SuspenStories [Gemstone] 19","2022-09"
"Crime SuspenStories [Gemstone] 20","2022-09"
"Crime SuspenStories [Gemstone] 21","2022-09"
"Crime SuspenStories [Gemstone] 22","2022-09"
"Crime SuspenStories [Gemstone] 23","2022-09"
"Crime SuspenStories [Gemstone] 24","2022-09"
"Crime SuspenStories [Gemstone] 25","2022-09"
"Crime SuspenStories [Gemstone] 26","2022-09"
"Crime SuspenStories [Gemstone] 27","2022-09"
"Crypt Of Shadows 01","2022-20"
"Crypt Of Shadows 02","2022-20"
"Crypt Of Shadows 03","2022-20"
"Crypt Of Shadows 04","2022-20"
"Crypt Of Shadows 05","2022-20"
"Crypt Of Shadows 06","2022-20"
"Crypt Of Shadows 07","2022-20"
"Crypt Of Shadows 08","2022-20"
"Crypt Of Shadows 09","2022-20"
"Crypt Of Shadows 10","2022-20"
"Crypt Of Shadows 11","2022-20"
"Crypt Of Shadows 12","2022-20"
"Crypt Of Shadows 14","2022-20"
"Crypt Of Shadows 15","2022-20"
"Crypt Of Shadows 17","2022-20"
"Curse Of The Weird 1","2022-17"
"Curse Of The Weird 2","2022-17"
"Curse Of The Weird 4","2022-17"
"DC Comics Millenium Editions - Detective 027","2022-17"
"DC Comics Millenium Editions - House Of Secrets 092","2022-17"
"DC Comics Millenium Editions - World's Finest Comics 071","2022-17"
"DC Giant 24 - Plop","2022-17"
"DC One Million 1","2024-12-29-1"
"DC Silver Age Classics - Sugar And Spike 99","2022-18"
"DC Universe Christmas 1","2022-21"
"DC Universe Holiday Bash 1","2022-18"
"DC Versus Marvel Preview","2024-12-29-1"
"Dagwood Comics 085","2022-18"
"Dagwood Comics 121","2022-11"
"Daredevil Comics 049","2022-18"
"Daredevil Comics 081","2022-13"
"Daredevil Comics 114","2022-18"
"Daredevil Comics 127","2022-18"
"Dark Claw 1","2022-10"
"Dead Of Night 01","2022-20"
"Dead Of Night 03","2022-20"
"Dead Of Night 04","2022-20"
"Dead Of Night 05","2022-10"
"Dead Of Night 05","2022-20"
"Dead Of Night 06","2022-20"
"Dead Of Night 08","2022-20"
"Dead Of Night 10","2022-20"
"Deadenders 01","2022-10"
"Deadenders 02","2022-10"
"Death - The High Cost Of Living 1","2022-18"
"Death - The High Cost Of Living 2","2022-18"
"Death - The High Cost Of Living 3","2022-18"
"Death - The Time Of Your Life 1","2022-17"
"Death - The Time Of Your Life 2","2022-17"
"Death - The Time Of Your Life 3","2022-17"
"Deep Dimension Horror","2022-18"
"Dell Giant 00 - Bugs Bunny's Christmas Funnies 7","2022-16"
"Dell Giant 00 - Donald Duck Beach Party 3","2022-13"
"Dell Giant 00 - Marge's Little Lulu And Tubby At Summer Camp 2","2022-15"
"Dell Giant 00 - Marge's Little Lulu And Tubby At Summer Camp 5.jpg","2022-13"
"Dell Giant 00 - Marge's Little Lulu On Vacation 1","2022-13"
"Dell Giant 00 - Marge's Little Lulu and Her Special Friends 3","2022-15"
"Dell Giant 00 - Marge's Lulu And Tubby Halloween Fun 2","2022-15"
"Dell Giant 00 - Marge's Lulu And Tubby in Alaska 1","2022-15"
"Dell Giant 00 - Marge's Tubby And His Clubhouse Pals 1","2022-15"
"Dell Giant 00 - Nancy And Sluggo Traveltime 01","2022-17"
"Dell Giant 00 - Silly Symphonies 5","2022-13"
"Dell Giant 00 - Silly Symphonies 7","2022-13"
"Dell Giant 00 - Tom And Jerry Summer Fun 4","2022-16"
"Dell Giant 00 - Tom And Jerry's Winter Fun 4","2022-12"
"Dell Giant 00 - Walt Disney's Christmas Parade 2","2022-12"
"Dell Giant 00 - Walt Disney's Christmas Parade 4","2022-12"
"Dell Giant 00 - Walt Disney's Christmas Parade 9 ","2022-12"
"Dell Giant 00 - Walt Disney's Christmas Parade 9","2022-12"
"Dell Giant 21 - Tom And Jerry Picnic Time","2022-18"
"Dell Giant 22 - Huey, Dewey And Louie - Back To School","2022-11"
"Dell Giant 23 - Marge's Little Lulu And Tubby Halloween Fun","2022-15"
"Dell Giant 29 - Marge's Little Lulu And Tubby In Hawaii [1]","2022-15"
"Dell Giant 29 - Marge's Little Lulu And Tubby In Hawaii [2]","2022-15"
"Dell Giant 33 - Daisy Duck And Uncle Scrooge Picnic Time","2022-13"
"Dell Giant 36 - Marge's Little Lulu And Witch Hazel Halloween Fun ","2022-15"
"Dell Giant 39 - Walt Disney's Merry Christmas","2022-12"
"Dell Giant 42 - Marge's Little Lulu And Tubby In Australia","2022-15"
"Dell Giant 50 - Marge's Little Lulu And Witch Hazel Trick 'N' Treat","2022-15"
"Dell Giant 99 - Bugs Bunny's Vacation Funnies 6","2022-18"
"Dell Giant 99 - Bugs Bunny's Vacation Funnies 8","2022-18"
"Dell Giant 99 - Bugs Bunny's Vacation Funnies 9","2022-18"
"Dell Giant 99 - Tom And Jerry Winter Carnival 1","2022-18"
"Dell Giant 99 - Tom And Jerry's Winter Fun 7","2022-18"
"Dennis The Menace 003","2024-03-06-1"
"Dennis The Menace 004","2024-03-06-1"
"Dennis The Menace 005","2024-03-06-1"
"Dennis The Menace 006","2024-03-06-1"
"Dennis The Menace 007","2024-03-06-1"
"Dennis The Menace 008","2024-03-06-1"
"Dennis The Menace 009","2024-03-06-1"
"Dennis The Menace 010","2024-03-06-1"
"Dennis The Menace 011","2024-03-06-1"
"Dennis The Menace 012","2024-03-06-1"
"Dennis The Menace 013","2024-03-06-1"
"Dennis The Menace 014","2024-03-06-1"
"Dennis The Menace 015","2024-03-06-1"
"Dennis The Menace 016","2024-03-06-1"
"Dennis The Menace 017","2024-03-06-1"
"Dennis The Menace 018","2024-03-06-1"
"Dennis The Menace 019","2024-03-06-1"
"Dennis The Menace 020","2024-03-06-1"
"Dennis The Menace 021","2024-03-06-1"
"Dennis The Menace 022","2024-03-06-1"
"Dennis The Menace 023","2024-03-06-1"
"Dennis The Menace 024","2024-03-06-1"
"Dennis The Menace 025","2024-03-06-1"
"Dennis The Menace 026","2024-03-06-1"
"Dennis The Menace 027","2024-03-06-1"
"Dennis The Menace 028","2024-03-06-1"
"Dennis The Menace 029","2024-03-06-1"
"Dennis The Menace 030","2024-03-06-1"
"Dennis The Menace 031","2024-03-06-1"
"Dennis The Menace 032","2024-03-06-1"
"Dennis The Menace 033","2024-03-06-1"
"Dennis The Menace 034","2024-03-06-1"
"Dennis The Menace 035","2024-03-06-1"
"Dennis The Menace 036","2024-03-06-1"
"Dennis The Menace 037","2024-03-06-1"
"Dennis The Menace 038","2024-03-06-1"
"Dennis The Menace 039","2024-03-06-1"
"Dennis The Menace 040","2024-03-06-1"
"Dennis The Menace 041","2024-03-06-1"
"Dennis The Menace 042","2024-03-06-1"
"Dennis The Menace 043","2024-03-06-1"
"Dennis The Menace 044","2024-03-06-1"
"Dennis The Menace 045","2024-03-06-1"
"Dennis The Menace 046","2024-03-06-1"
"Dennis The Menace 047","2024-03-06-1"
"Dennis The Menace 048","2024-03-06-1"
"Dennis The Menace 049","2024-03-06-1"
"Dennis The Menace 050","2024-03-06-1"
"Dennis The Menace 051","2024-03-06-1"
"Dennis The Menace 052","2024-03-06-1"
"Dennis The Menace 053","2024-03-06-1"
"Dennis The Menace 054","2024-03-06-1"
"Dennis The Menace 055","2024-03-06-1"
"Dennis The Menace 056","2024-03-06-1"
"Dennis The Menace 065","2024-03-06-1"
"Dennis The Menace 066","2024-03-06-1"
"Dennis The Menace 067","2024-03-06-1"
"Dennis The Menace 068","2024-03-06-1"
"Dennis The Menace 069","2024-03-06-1"
"Dennis The Menace 093","2024-03-06-1"
"Dennis The Menace 097","2024-03-06-1"
"Dennis The Menace 098","2024-03-06-1"
"Dennis The Menace And Dirt","2024-03-06-1"
"Dennis The Menace And His Dog Ruff 1","2024-03-06-1"
"Dennis The Menace And His Friends 13 - Margaret","2024-03-06-1"
"Dennis The Menace And His Pal Joey 1","2024-03-06-1"
"Dennis The Menace Bonus Magazine Series 092 - In Hollywood","2024-03-06-1"
"Dennis The Menace Bonus Magazine Series 093 - Visits Paris [1]","2024-03-06-1"
"Dennis The Menace Bonus Magazine Series 093 - Visits Paris [2]","2024-03-06-1"
"Dennis The Menace Bonus Magazine Series 094 - Jackpot","2024-03-06-1"
"Dennis The Menace Bonus Magazine Series 096 - Summer Games","2024-03-06-1"
"Dennis The Menace Bonus Magazine Series 100 - Up In The Air","2024-03-06-1"
"Dennis The Menace Bonus Magazine Series 102 - And His Wish-I-Was Book","2024-03-06-1"
"Dennis The Menace Bonus Magazine Series 110 - Mr. Wilson And His Gang At Christmas! The Good Old Days","2024-03-06-1"
"Dennis The Menace Bonus Magazine Series 174 - In Hawaii - Maui","2024-03-06-1"
"Dennis The Menace Fun Book 1","2024-03-06-1"
"Dennis The Menace Giant 00 - Giant Christmas Issue","2024-03-06-1"
"Dennis The Menace Giant 00 - Vacation Special","2024-03-06-1"
"Dennis The Menace Giant 008 - In Mexico","2022-13"
"Dennis The Menace Giant 013 - The Best Of Dennis The Menace [no cover]","2022-13"
"Dennis The Menace Giant 02 - Giant Vacation Special [1]","2024-03-06-1"
"Dennis The Menace Giant 02 - Giant Vacation Special [2]","2024-03-06-1"
"Dennis The Menace Giant 03 - Giant Christmas Issue","2024-03-06-1"
"Dennis The Menace Giant 04 -  - Giant Vacation Special [1]","2024-03-06-1"
"Dennis The Menace Giant 04 - Giant Vacation Special [2]","2024-03-06-1"
"Dennis The Menace Giant 05 - Giant Christmas Issue","2024-03-06-1"
"Dennis The Menace Giant 06 - Giant Christmas Issue","2024-03-06-1"
"Dennis The Menace Giant 06 - In Hawaii","2024-03-06-1"
"Dennis The Menace Giant 07 - In Hollywood","2024-03-06-1"
"Dennis The Menace Giant 08B - In Mexico","2024-03-06-1"
"Dennis The Menace Giant 09 - Goes To Camp","2024-03-06-1"
"Dennis The Menace Giant 10 - Giant Christmas Issue [1]","2024-03-06-1"
"Dennis The Menace Giant 10 - Giant Christmas Issue [2]","2024-03-06-1"
"Dennis The Menace Giant 11 - Giant Christmas Issue","2024-03-06-1"
"Dennis The Menace Giant 12 - Triple Feature","2024-03-06-1"
"Dennis The Menace Giant 13 - The Best Of","2024-03-06-1"
"Dennis The Menace Giant 14 - And His Dog Ruff","2024-03-06-1"
"Dennis The Menace Giant 15 - I Washington DC","2024-03-06-1"
"Dennis The Menace Giant 17 - And His Pal Joey","2024-03-06-1"
"Dennis The Menace Giant 19 - Giant Christmas Issue","2024-03-06-1"
"Dennis The Menace Giant 20 - Spring Special","2024-03-06-1"
"Dennis The Menace Giant 21 - The Best Of","2024-03-06-1"
"Dennis The Menace Giant 22 - Television Special","2024-03-06-1"
"Dennis The Menace Giant 27 - Giant Christmas Issue","2024-03-06-1"
"Dennis The Menace Giant 28 - Triple Feature","2024-03-06-1"
"Dennis The Menace Giant 31 - All Year 'Round","2024-03-06-1"
"Dennis The Menace Giant 32 - And His Pal Joey","2024-03-06-1"
"Dennis The Menace Giant 33 - In California","2024-03-06-1"
"Dennis The Menace Giant 34 - And His Dog Ruff","2024-03-06-1"
"Dennis The Menace Giant 35 - Giant Christmas Issue","2024-03-06-1"
"Dennis The Menace Giant 36 - Spring Special","2024-03-06-1"
"Dennis The Menace Giant 37 - Television Special","2024-03-06-1"
"Dennis The Menace Giant 39 - Goes To Camp","2024-03-06-1"
"Dennis The Menace Giant 40 - I Washington DC","2024-03-06-1"
"Dennis The Menace Giant 41 - From A To Z","2024-03-06-1"
"Dennis The Menace Giant 48 - Way-Out Stories","2024-03-06-1"
"Dennis The Menace Giant 58 - The Best Of","2024-03-06-1"
"Dennis The Menace Giant 59 - Day By Day","2024-03-06-1"
"Dennis The Menace Giant 62 - Fun Book","2024-03-06-1"
"Dennis The Menace Giant 64 - In Mexico","2024-03-06-1"
"Dennis The Menace Giant 65 - Around The Clock","2024-03-06-1"
"Dennis The Menace Giant 70 -Tangled Tales","2024-03-06-1"
"Dennis The Menace Giant 72 - I Washington DC","2024-03-06-1"
"Dennis The Menace In Mexico [coverless, pages missing]","2024-03-06-1"
"Dennis The Menace In Washington [coverless]","2024-03-06-1"
"Dennis The Menace Takes A Poke At Poison","2024-03-06-1"
"Dennis The Menace Television Special 1","2024-03-06-1"
"Dennis The Menace Television Special 2","2024-03-06-1"
"Dennis The Menace Triple Feature 1","2024-03-06-1"
"Dennis The Menace [Marvel] 01","2024-03-06-1"
"Dennis The Menace [Marvel] 04","2024-03-06-1"
"Dennis The Menace [Marvel] 05","2024-03-06-1"
"Dennis The Menace [Marvel] 06","2024-03-06-1"
"Dennis The Menace [Marvel] 07","2024-03-06-1"
"Dennis The Menace [Marvel] 08","2024-03-06-1"
"Dennis The Menace [Marvel] 09","2024-03-06-1"
"Detective Comics 678","2024-12-29-1"
"Detective Comics Annual 02","2024-12-29-1"
"Detective Comics Annual 03","2024-12-29-1"
"Detective Comics Annual 04","2024-12-29-1"
"Detective Comics Annual 08","2024-12-29-1"
"Detective Comics Annual 09 [1]","2024-12-29-1"
"Detective Comics Annual 09 [2]","2024-12-29-1"
"Dilly 3","2022-16"
"Disney Comic Hits! 15 - Toy Story","2022-10"
"Doctor StrangeFate 1","2022-10"
"Donald And Scrooge 1","2022-19"
"Donald And Scrooge 2","2022-19"
"Donald And Scrooge 3","2022-19"
"Donald Duck 027","2022-19"
"Donald Duck 037","2022-19"
"Donald Duck 043","2022-19"
"Donald Duck 051","2022-19"
"Donald Duck 052","2022-19"
"Donald Duck 058","2022-19"
"Donald Duck 064 [1]","2022-19"
"Donald Duck 064 [2]","2022-19"
"Donald Duck 066","2022-19"
"Donald Duck 098","2022-19"
"Donald Duck 203","2022-19"
"Donald Duck 206","2022-19"
"Donald Duck 211","2022-19"
"Donald Duck 255","2022-19"
"Donald Duck 256","2022-19"
"Donald Duck 257","2022-19"
"Donald Duck 267","2022-10"
"Donald Duck 281","2022-19"
"Donald Duck 286","2022-19"
"Donald Duck 291","2022-19"
"Donald Duck Adventures [Disney] 03","2022-10"
"Donald Duck Adventures [Disney] 03","2022-19"
"Donald Duck Adventures [Disney] 04","2022-19"
"Donald Duck Adventures [Disney] 06","2022-19"
"Donald Duck Adventures [Disney] 08","2022-19"
"Donald Duck Adventures [Disney] 09","2022-19"
"Donald Duck Adventures [Disney] 10","2022-19"
"Donald Duck Adventures [Disney] 11","2022-19"
"Donald Duck Adventures [Disney] 12","2022-19"
"Donald Duck Adventures [Disney] 13","2022-19"
"Donald Duck Adventures [Disney] 14","2022-10"
"Donald Duck Adventures [Disney] 14","2022-19"
"Donald Duck Adventures [Disney] 15","2022-19"
"Donald Duck Adventures [Disney] 17","2022-19"
"Donald Duck Adventures [Disney] 21","2022-10"
"Donald Duck Adventures [Disney] 21","2022-19"
"Donald Duck Adventures [Disney] 26","2022-19"
"Donald Duck Adventures [Disney] 27","2022-19"
"Donald Duck Adventures [Disney] 28","2022-19"
"Donald Duck Adventures [Disney] 31","2022-19"
"Donald Duck Adventures [Gladstone] 04","2022-19"
"Donald Duck Adventures [Gladstone] 17","2022-19"
"Donald Duck Adventures [Gladstone] 43","2022-19"
"Donald Duck Adventures [Marvel] 23","2022-19"
"Donald Duck Adventures [Marvel] 24","2022-19"
"Donald Duck Adventures [Marvel] 28","2022-19"
"Donald Duck [FCBD]","2022-07"
"Doofus 1","2022-16"
"Dork! 02","2022-17"
"Dork! 03","2022-17"
"Dork! 04","2022-17"
"Dork! 10","2022-21"
"Drag-Strip Hotrodders 06","2022-10"
"Dreaming 01","2022-10"
"Dreaming 01","2022-11"
"Dreaming 02","2022-11"
"Dreaming 03","2022-11"
"Dreaming 04","2022-11"
"Dreaming 05","2022-11"
"Dreaming 06","2022-11"
"Dreaming 07","2022-11"
"Dreaming 09","2022-11"
"DuckTales [Disney] 05","2022-19"
"Eerie 004","2022-05+++"
"Eerie 006","2022-05+++"
"Eerie 012","2022-05+++"
"Eerie 020","2022-05+++"
"Eerie 039","2022-05+++"
"Eerie 042","2022-05+++"
"Eerie 094","2022-05+++"
"Eerie Annual 1970","2022-05+++"
"Eerie Greatest Hits TPB 1","2022-05+++"
"Epic Illustrated 14","2022-02"
"Epic Illustrated 15","2022-02"
"Epic Illustrated 16","2022-02"
"Epic Illustrated 17","2022-02"
"Epic Illustrated 28","2022-02"
"Epic Lite 1","2022-18"
"Extinct! 1","2022-16"
"Extinct! 2","2022-16"
"Extra! [Gemstone] 1","2022-09"
"Fanboy 1","2024-12-29-1"
"Fantasy Masterpieces 07","2022-10"
"Fifties Terror 1","2022-14"
"Fifties Terror 2","2022-14"
"Fifties Terror 3","2022-16"
"Fifties Terror 5","2022-14"
"Fifties Terror 5","2022-16"
"Fifties Terror 6","2022-14"
"Finals 1","2022-10"
"Finals 2","2022-10"
"Finals 4","2022-10"
"Flash Annual v2#07","2024-12-29-1"
"Flash v2#094","2024-12-29-1"
"Flat-Top 3","2022-18"
"Flinch 01","2022-14"
"Flinch 02","2022-14"
"Flinch 03","2022-14"
"Flinch 07","2022-10"
"Flinch 07","2022-14"
"Flinch 08","2022-14"
"Flinch 09","2022-14"
"Flinch 10","2022-14"
"Flinch 12","2022-14"
"Flinch 13","2022-10"
"Flinch 13","2022-14"
"Flinch 14","2022-10"
"Flinch 14","2022-14"
"Flinch 16","2022-14"
"Four Color 0223 - Donald Duck in 'Lost In The Andes'","2022-12"
"Four Color 0250 - Bugs Bunny - Diamond Daze","2022-16"
"Four Color 0256 - Donald Duck In 'Luck Of The North'","2022-12"
"Four Color 0263 - Donald Duck in 'Land Of The Totem Poles'","2022-12"
"Four Color 0275 - Donald Duck in 'Ancient Persia'","2022-12"
"Four Color 0279 - Mickey Mouse And Pluto - Battle The Giant Ants","2022-16"
"Four Color 0300 - Donald Duck in 'Bit-Top Bedlam'","2022-12"
"Four Color 0309 - Dollface","2022-18"
"Four Color 0328 - Donald Duck In Old California","2022-12"
"Four Color 0408 - Donald Duck And The Golden Helmet","2022-12"
"Four Color 0485 - The Little People","2022-10"
"Four Color 0756 - Santa Claus Funnies","2022-16"
"Four Color 0809 - The Little People","2022-10"
"Four Color 0819 - Mickey Mouse In Magic Land","2022-13"
"Four Color 0868 - The Little People - Topsy-Turvy Christmas","2022-12"
"Four Color 0923 - Timmy","2022-18"
"Four Color 0959 - Walt Scott's Christmas Stories","2022-12"
"Four Color 1051 - Donald In Mathmagic Land","2022-13"
"Four Color 1062 - Walt Scott's Christmas Stories","2022-12"
"Four Color 1064 - Bugs Bunny's Merry Christmas","2022-16"
"Four Color 1065 - Frosty The Snowman","2022-16"
"Four Color 1198 - Donald In Mathmagic Land","2022-13"
"Fox And The Crow 039","2022-11"
"Fox Comics 26","2022-06"
"Freakshow 1","2022-21"
"From Beyond The Unknown 11","2022-16"
"Frontline Combat [Gemstone] 01","2022-08"
"Frontline Combat [Gemstone] 02","2022-08"
"Frontline Combat [Gemstone] 03","2022-08"
"Frontline Combat [Gemstone] 04","2022-08"
"Frontline Combat [Gemstone] 05","2022-08"
"Frontline Combat [Gemstone] 06","2022-08"
"Frontline Combat [Gemstone] 07","2022-08"
"Frontline Combat [Gemstone] 08","2022-08"
"Frontline Combat [Gemstone] 09","2022-08"
"Frontline Combat [Gemstone] 10","2022-08"
"Frontline Combat [Gemstone] 11","2022-08"
"Frontline Combat [Gemstone] 12","2022-08"
"Frontline Combat [Gemstone] 13","2022-08"
"Frontline Combat [Gemstone] 14","2022-08"
"Frontline Combat [Gemstone] 15","2022-08"
"Futurama Comics 07","2022-21"
"Futurama Comics 08","2022-21"
"Futurama Comics 09","2022-21"
"Futurama Comics 10","2022-21"
"Futurama Comics 11","2022-21"
"Futurama Comics 12","2022-10"
"Futurama Comics 13","2022-10"
"Futurama Comics 14","2022-21"
"Futurama Comics 15","2022-21"
"Futurama Comics 16","2022-21"
"Futurama Comics 17","2022-21"
"Futurama Comics 18","2022-21"
"Futurama Comics 19","2022-21"
"Futurama Comics 20","2022-21"
"Futurama Comics 21","2022-21"
"Futurama Comics 22","2022-21"
"Futurama Comics 23","2022-21"
"Futurama Comics 24","2022-21"
"Futurama Comics 25","2022-21"
"Futurama Comics 26","2022-21"
"Futurama Comics 28","2022-21"
"Futurama Comics 29","2022-21"
"Futurama Comics 30","2022-21"
"Futurama Comics 31","2022-21"
"Futurama Comics 32","2022-21"
"Futurama Comics 33","2022-07"
"Futurama Comics 34","2022-07"
"Futurama Comics 35","2022-07"
"Futurama Comics 36","2022-07"
"Futurama Comics 37","2022-07"
"Futurama Comics 38","2022-07"
"Futurama Comics 39","2022-07"
"Futurama Comics 40","2022-07"
"Futurama Comics 41","2022-07"
"Futurama Comics 42","2022-07"
"Futurama Comics 43","2022-17"
"Futurama Comics 44","2022-17"
"Futurama Comics 45","2022-17"
"Futurama Comics 46","2022-17"
"Futurama Comics 47","2022-17"
"Futurama Comics 48","2022-17"
"Futurama Comics 49","2022-17"
"Futurama Comics 50","2022-17"
"Futurama Comics 51","2022-07"
"Futurama Comics 52","2022-07"
"Futurama Comics 53","2022-07"
"Futurama Comics 54","2022-17"
"Futurama Comics 55","2022-17"
"Futurama Comics 56","2022-07"
"Futurama Comics 57","2022-07"
"Futurama Simpsons Infinitely Secret Crossover Crisis 1","2022-21"
"Futurama Simpsons Infinitely Secret Crossover Crisis 2","2022-21"
"Gakk, Choke, Blurg! It's Science With Dr. Radium 1","2022-12"
"Gangland 1","2022-14"
"Gangland 2","2022-14"
"Gangland 3","2022-14"
"Gangland 4","2022-14"
"Ghost Stories 03","2022-18"
"Ghost Stories 11","2022-16"
"Ghost Stories 31","2022-18"
"Ghost Stories 34","2022-18"
"Giant Superman Annual Replica Edition 1","2022-21"
"Giant-Size Chillers 1","2022-13"
"Giant-Size Chillers 1","2022-20"
"Giant-Size Chillers 2","2022-13"
"Goblin 03","2022-02"
"Goofy Adventures 07","2022-19"
"Green Lantern v3#55","2024-12-29-1"
"Grendel 023","2022-10"
"Gross Point 01","2022-17"
"H.P. Lovecraft - The Master Of Horror! 03","2022-17"
"H.P. Lovecraft's Cthulhu - The Festival 1","2022-10"
"Hand Of Fate 22","2022-14"
"Happydale - Devils In The Desert 1","2022-10"
"Happydale - Devils In The Desert 2","2022-10"
"Hard Rock Comics 05 - Kiss Tales From The Tours","2022-10"
"Harlan Ellison's Dream Corridor Quarterly 1","2022-11"
"Harlan Ellison's Dream Corridor v2#1","2022-11"
"Harvey Hit 069 - Stumbo The Giant","2024-03-06-1"
"Harvey Hits 049 - Stumbo The Giant","2022-16"
"Harvey Hits 066 - Stumbo The Giant","2022-18"
"Harvey Hits 078 - Stumbo The Giant","2022-18"
"Haunt Of Fear 20","2022-11"
"Haunt Of Fear 23","2022-11"
"Haunt Of Fear 24","2022-11"
"Haunt Of Fear 26","2022-11"
"Haunt Of Fear [Cochran] 1","2022-09"
"Haunt Of Fear [Cochran] 2","2022-09"
"Haunt Of Fear [Cochran] 3","2022-09"
"Haunt Of Fear [Cochran] 4","2022-09"
"Haunt Of Fear [Cochran] 5","2022-09"
"Haunt Of Fear [East Coast] 23","2022-09"
"Haunt Of Fear [Gemstone] 01","2022-09"
"Haunt Of Fear [Gemstone] 02","2022-09"
"Haunt Of Fear [Gemstone] 03","2022-09"
"Haunt Of Fear [Gemstone] 04","2022-09"
"Haunt Of Fear [Gemstone] 05","2022-09"
"Haunt Of Fear [Gemstone] 06 [1]","2022-09"
"Haunt Of Fear [Gemstone] 06 [2]","2022-09"
"Haunt Of Fear [Gemstone] 07","2022-09"
"Haunt Of Fear [Gemstone] 10","2022-09"
"Haunt Of Fear [Gemstone] 11","2022-09"
"Haunt Of Fear [Gemstone] 12","2022-09"
"Haunt Of Fear [Gemstone] 13","2022-09"
"Haunt Of Fear [Gemstone] 14","2022-09"
"Haunt Of Fear [Gemstone] 15","2022-09"
"Haunt Of Fear [Gemstone] 16","2022-09"
"Haunt Of Fear [Gemstone] 17","2022-09"
"Haunt Of Fear [Gemstone] 18","2022-09"
"Haunt Of Fear [Gemstone] 19","2022-09"
"Haunt Of Fear [Gemstone] 20","2022-09"
"Haunt Of Fear [Gemstone] 21","2022-09"
"Haunt Of Fear [Gemstone] 22","2022-09"
"Haunt Of Fear [Gemstone] 23","2022-09"
"Haunt Of Fear [Gemstone] 24","2022-09"
"Haunt Of Fear [Gemstone] 25","2022-09"
"Haunt Of Fear [Gemstone] 26","2022-09"
"Haunt Of Fear [Gemstone] 27","2022-09"
"Haunt Of Fear [Gemstone] 28","2022-09"
"Haunt Of Fear [Gladstone] 01","2022-09"
"Haunt Of Fear [Gladstone] 02 [1]","2022-09"
"Haunt Of Fear [Gladstone] 02 [2]","2022-09"
"Headline Comics 39","2022-13"
"Heart Throbs 4","2022-21"
"Heartland 1","2022-11"
"Heavy Metal - Greatest Hits","2022-02"
"Heavy Metal Fall Special v14#3","2022-06"
"Heavy Metal Havoc - Heavy Metal Special v9#2","2022-06"
"Heavy Metal Software - Heavy Metal Special v7#2","2022-06"
"Heavy Metal Spring Special v14#1","2022-06"
"Heavy Metal v01#01","2022-06"
"Heavy Metal v01#09","2022-06"
"Heavy Metal v01#10","2022-02"
"Heavy Metal v01#10","2022-06"
"Heavy Metal v01#11","2022-06"
"Heavy Metal v02#03","2022-06"
"Heavy Metal v02#04","2022-06"
"Heavy Metal v02#07","2022-06"
"Heavy Metal v02#08","2022-06"
"Heavy Metal v02#11","2022-06"
"Heavy Metal v02#12","2022-02"
"Heavy Metal v02#12","2022-06"
"Heavy Metal v03#02","2022-06"
"Heavy Metal v03#03","2022-06"
"Heavy Metal v03#06","2022-02"
"Heavy Metal v03#08","2022-06"
"Heavy Metal v03#10","2022-02"
"Heavy Metal v06#10","2022-02"
"Heavy Metal v06#11","2022-02"
"Heavy Metal v07#01","2022-02"
"Heavy Metal v07#03","2022-02"
"Heavy Metal v07#04","2022-02"
"Heavy Metal v07#05","2022-02"
"Heavy Metal v07#06","2022-02"
"Heavy Metal v07#07","2022-02"
"Heavy Metal v07#10","2022-02"
"Heavy Metal v08#07","2022-02"
"Heavy Metal v08#08","2022-02"
"Heavy Metal v09#09","2022-02"
"Heavy Metal v13#02","2022-02"
"Heavy Metal v14#02","2022-02"
"Heavy Metal v14#03","2022-02"
"Heavy Metal v14#05","2022-02"
"Heavy Metal v14#06","2022-02"
"Heavy Metal v15#01","2022-02"
"Heavy Metal v15#02","2022-02"
"Heavy Metal v15#03","2022-02"
"Heavy Metal v15#04","2022-02"
"Heavy Metal v15#05","2022-02"
"Heavy Metal v15#06","2022-02"
"Heavy Metal v16#01","2022-02"
"Heavy Metal v16#02","2022-02"
"Heavy Metal v16#03","2022-02"
"Heavy Metal v16#04","2022-02"
"Heavy Metal v16#05","2022-02"
"Heavy Metal v16#06","2022-02"
"Heavy Metal v17#01","2022-02"
"Heavy Metal v17#04","2022-02"
"Heavy Metal v17#05","2022-02"
"Heavy Metal v18#01","2022-06"
"Heavy Metal v19#01","2022-06"
"Heavy Metal v19#04","2022-06"
"Heavy Metal v19#06","2022-06"
"Heavy Metal v20#01","2022-06"
"Heavy Metal v20#04","2022-02"
"Heavy Metal v20#05","2022-02"
"Heavy Metal v20#06","2022-02"
"Heavy Metal v21#01","2022-02"
"Heavy Metal v21#02","2022-02"
"Heavy Metal v21#03","2022-02"
"Heavy Metal v21#04","2022-02"
"Heavy Metal v22#5","2022-11"
"Heavy Metal v25#02","2022-06"
"Heavy Metal's Even Heavier Metal","2022-02"
"Hellboy - The Third Wish 1","2022-21"
"Hellboy - The Third Wish 2","2022-21"
"Hellboy Junior Halloween Special 1","2022-16"
"Henry 05","2022-16"
"Henry 06","2022-16"
"Henry 33","2022-16"
"Henry 52","2022-16"
"Henry 55","2022-16"
"Herbie 02","2022-18"
"Hitchhiker's Guide To The Galaxy 1","2022-10"
"Hitchhiker's Guide To The Galaxy 2","2022-10"
"Hitchhiker's Guide To The Galaxy 3","2022-10"
"Holiday Out 3","2022-21"
"Horror House 1","2022-18"
"Horse Feathers 04","2022-11"
"Hot Stuff 012","2022-13"
"Hot Stuff Sizzlers 28","2022-16"
"Hot Wheels 2","2022-10"
"House Of Mystery 229","2022-17"
"House Of Mystery 296","2022-16"
"House Of Secrets 091","2022-16"
"House Of Secrets 136","2022-16"
"House Of Secrets 152","2022-16"
"Huey, Dewey And Louie Junior Woodchucks 58","2022-19"
"I Saw It - The Atomic Bombing Of Hiroshima 1","2022-13"
"Impact [Gemstone] 1","2022-09"
"Impact [Gemstone] 2","2022-09"
"Impact [Gemstone] 4","2022-09"
"Impact [Gemstone] 5","2022-09"
"Incredible Hulk 239","2022-10"
"Incredible Science Fiction [Gemstone] 10","2022-17"
"Incredible Science Fiction [Gemstone] 11","2022-09"
"Innocent Bystander 2","2022-21"
"Instant Piano 1","2022-11"
"Instant Piano 2","2022-11"
"Java Town 1","2022-18"
"Java Town 2","2022-18"
"Java Town 3","2022-18"
"Java Town 4","2022-18"
"Java Town 5","2022-18"
"Java Town 6","2022-18"
"Jerry Iger's Classic National Comics 1","2022-10"
"Jinx Pop Culture Hoo-Hah 1","2022-21"
"Journey Into Fear 17","2022-14"
"Journey Into Mystery 028","2022-14"
"Journey Into Mystery [2nd series] 04","2022-20"
"Journey Into Unknown Worlds 36","2022-20"
"Jughead 011","2022-13"
"Jughead Annual 6","2022-11"
"Justice League America 070","2022-17"
"Justice Traps The Guilty 28","2022-13"
"Justice Traps The Guilty 38","2022-16"
"Justice Traps The Guilty 66","2022-14"
"King-Sized Cracked 02","2022-02"
"Kingdom Come 1","2022-17"
"Kingdom Come 2","2022-17"
"Kingdom Come 3","2022-17"
"Kingdom Come 4","2022-17"
"Laugh Comics 039","2022-11"
"Laugh Comics 043","2022-16"
"Legends Of NASCAR 10 - The Talladega Story","2022-14"
"Legends Of The Dark Knight Annual 4","2024-12-29-1"
"Legends Of The Dark Knight Annual 5","2024-12-29-1"
"Li'l Abner 087","2022-17"
"Little Archie 015","2022-17"
"Little Archie 017","2022-17"
"Little Archie 019","2022-17"
"Little Archie 020","2022-11"
"Little Archie 026","2022-17"
"Little Archie 028","2022-17"
"Little Archie 037","2022-17"
"Little Archie 046","2022-17"
"Little Archie 055","2022-17"
"Little Archie 056","2022-17"
"Little Archie 064","2022-17"
"Little Archie 065","2022-17"
"Little Lulu 002","2022-15"
"Little Lulu 004","2022-15"
"Little Lulu 007","2022-15"
"Little Lulu 012","2022-15"
"Little Lulu 041","2022-15"
"Little Lulu 043","2022-15"
"Little Lulu 050","2022-15"
"Little Lulu 053","2022-15"
"Little Lulu 055","2022-15"
"Little Lulu 056","2022-15"
"Little Lulu 064","2022-15"
"Little Lulu 065","2022-15"
"Little Lulu 070","2022-15"
"Little Lulu 071","2022-15"
"Little Lulu 072","2022-15"
"Little Lulu 073","2022-15"
"Little Lulu 075","2022-15"
"Little Lulu 077","2022-15"
"Little Lulu 078","2022-15"
"Little Lulu 079","2022-15"
"Little Lulu 080","2022-15"
"Little Lulu 081","2022-15"
"Little Lulu 082","2022-15"
"Little Lulu 095","2022-15"
"Little Lulu 097","2022-15"
"Little Lulu 099","2022-15"
"Little Lulu 100","2022-15"
"Little Lulu 102","2022-15"
"Little Lulu 103","2022-15"
"Little Lulu 104","2022-15"
"Little Lulu 105","2022-15"
"Little Lulu 106","2022-15"
"Little Lulu 107","2022-15"
"Little Lulu 111","2022-15"
"Little Lulu 116","2022-15"
"Little Lulu 120","2022-15"
"Little Lulu 121","2022-15"
"Little Lulu 122","2022-15"
"Little Lulu 123","2022-15"
"Little Lulu 124","2022-15"
"Little Lulu 128","2022-15"
"Little Lulu 129","2022-15"
"Little Lulu 130","2022-15"
"Little Lulu 131","2022-15"
"Little Lulu 132","2022-15"
"Little Lulu 138","2022-15"
"Little Lulu 139","2022-15"
"Little Lulu 145","2022-15"
"Little Lulu 148","2022-15"
"Little Lulu 149","2022-15"
"Little Lulu 150","2022-15"
"Little Lulu 156","2022-15"
"Little Lulu 157","2022-15"
"Little Lulu 162","2022-15"
"Little Lulu 163","2022-15"
"Little Lulu 165 - In Paris","2022-15"
"Little Lulu 166 - Christmas Diary","2022-21"
"Little Lulu 178 - Trick 'N' Treat","2022-15"
"Little Lulu 188 - Tricknik Basket And Other Goodies","2022-15"
"Little Lulu Trick 'N' Treat 1","2022-15"
"Little Sad Sack 19","2022-18"
"Lost Girls 1","2022-06"
"MD [Gemstone] 1","2022-09"
"MD [Gemstone] 2","2022-09"
"MD [Gemstone] 3","2022-09"
"MD [Gemstone] 4","2022-09"
"MD [Gemstone] 5","2022-09"
"Mad 006","2022-11"
"Mad 008","2022-11"
"Mad 012","2022-11"
"Mad 014","2022-11"
"Mad 018","2022-11"
"Mad 024","2022-01"
"Mad 025","2022-01"
"Mad 026","2022-01"
"Mad 027","2022-01"
"Mad 028","2022-01"
"Mad 029","2022-01"
"Mad 030","2022-01"
"Mad 031","2022-01"
"Mad 032","2022-01"
"Mad 033","2022-01"
"Mad 034","2022-01"
"Mad 035","2022-01"
"Mad 036","2022-01"
"Mad 037","2022-01"
"Mad 038","2022-01"
"Mad 039","2022-01"
"Mad 040","2022-01"
"Mad 041","2022-01"
"Mad 042","2022-01"
"Mad 043","2022-01"
"Mad 044","2022-01"
"Mad 045","2022-01"
"Mad 046","2022-01"
"Mad 047","2022-01"
"Mad 048","2022-01"
"Mad 049","2022-01"
"Mad 050","2022-01"
"Mad 051","2022-01"
"Mad 052","2022-01"
"Mad 053","2022-01"
"Mad 054","2022-01"
"Mad 055","2022-01"
"Mad 056","2022-01"
"Mad 057","2022-01"
"Mad 058","2022-01"
"Mad 059","2022-01"
"Mad 060","2022-01"
"Mad 061","2022-01"
"Mad 062","2022-01"
"Mad 063","2022-01"
"Mad 064","2022-01"
"Mad 065","2022-01"
"Mad 066","2022-01"
"Mad 067","2022-01"
"Mad 068","2022-01"
"Mad 069","2022-01"
"Mad 070","2022-01"
"Mad 071","2022-01"
"Mad 072","2022-01"
"Mad 073","2022-01"
"Mad 074","2022-01"
"Mad 075","2022-01"
"Mad 076","2022-01"
"Mad 077","2022-01"
"Mad 078","2022-01"
"Mad 079","2022-01"
"Mad 080","2022-01"
"Mad 081","2022-01"
"Mad 082","2022-01"
"Mad 083","2022-01"
"Mad 084","2022-01"
"Mad 085","2022-01"
"Mad 086","2022-01"
"Mad 087","2022-01"
"Mad 088","2022-01"
"Mad 089","2022-01"
"Mad 090","2022-01"
"Mad 091","2022-01"
"Mad 092","2022-01"
"Mad 093","2022-01"
"Mad 094","2022-01"
"Mad 095","2022-01"
"Mad 096","2022-01"
"Mad 097","2022-01"
"Mad 098","2022-01"
"Mad 099","2022-01"
"Mad 100","2022-01"
"Mad 101","2022-01"
"Mad 102","2022-01"
"Mad 103","2022-01"
"Mad 104","2022-01"
"Mad 105","2022-01"
"Mad 106","2022-01"
"Mad 107","2022-01"
"Mad 108","2022-01"
"Mad 109","2022-01"
"Mad 110","2022-01"
"Mad 111","2022-01"
"Mad 112","2022-01"
"Mad 113","2022-01"
"Mad 114","2022-01"
"Mad 115","2022-01"
"Mad 116","2022-01"
"Mad 117","2022-01"
"Mad 118","2022-01"
"Mad 119","2022-01"
"Mad 120","2022-01"
"Mad 121","2022-01"
"Mad 122","2022-01"
"Mad 123","2022-01"
"Mad 124","2022-01"
"Mad 125","2022-01"
"Mad 126","2022-01"
"Mad 127","2022-01"
"Mad 128","2022-01"
"Mad 129","2022-01"
"Mad 130","2022-01"
"Mad 131","2022-01"
"Mad 132","2022-01"
"Mad 133","2022-01"
"Mad 134","2022-01"
"Mad 135","2022-01"
"Mad 136","2022-01"
"Mad 137","2022-01"
"Mad 138","2022-01"
"Mad 139","2022-01"
"Mad 140","2022-01"
"Mad 141","2022-03"
"Mad 142","2022-03"
"Mad 143","2022-03"
"Mad 144","2022-03"
"Mad 145","2022-03"
"Mad 146","2022-03"
"Mad 147","2022-03"
"Mad 148","2022-03"
"Mad 149","2022-03"
"Mad 150","2022-03"
"Mad 151","2022-03"
"Mad 152","2022-03"
"Mad 153","2022-03"
"Mad 154","2022-03"
"Mad 155","2022-03"
"Mad 156","2022-03"
"Mad 157","2022-03"
"Mad 158","2022-03"
"Mad 159","2022-03"
"Mad 160","2022-03"
"Mad 161","2022-03"
"Mad 162","2022-03"
"Mad 163","2022-03"
"Mad 164","2022-03"
"Mad 165","2022-03"
"Mad 166","2022-03"
"Mad 167","2022-03"
"Mad 168","2022-03"
"Mad 169","2022-03"
"Mad 170","2022-03"
"Mad 171","2022-03"
"Mad 172","2022-03"
"Mad 173","2022-03"
"Mad 174","2022-03"
"Mad 175","2022-03"
"Mad 176","2022-03"
"Mad 177","2022-03"
"Mad 178","2022-03"
"Mad 179","2022-03"
"Mad 180","2022-03"
"Mad 181","2022-03"
"Mad 182","2022-03"
"Mad 183","2022-03"
"Mad 184","2022-03"
"Mad 185","2022-03"
"Mad 186","2022-03"
"Mad 187","2022-03"
"Mad 188","2022-03"
"Mad 189","2022-03"
"Mad 190","2022-03"
"Mad 191","2022-03"
"Mad 192","2022-03"
"Mad 193","2022-03"
"Mad 194","2022-03"
"Mad 195","2022-03"
"Mad 196","2022-03"
"Mad 197","2022-03"
"Mad 198","2022-03"
"Mad 199","2022-03"
"Mad 200","2022-03"
"Mad 201","2022-03"
"Mad 204","2022-03"
"Mad 205","2022-03"
"Mad 206","2022-03"
"Mad 208","2022-03"
"Mad 209","2022-03"
"Mad 210","2022-03"
"Mad 211","2022-03"
"Mad 212","2022-03"
"Mad 213","2022-03"
"Mad 214","2022-03"
"Mad 215","2022-03"
"Mad 216","2022-03"
"Mad 217","2022-03"
"Mad 218","2022-03"
"Mad 219","2022-03"
"Mad 313","2022-03"
"Mad 315","2022-03"
"Mad 341","2022-03"
"Mad 345","2022-03"
"Mad 347","2022-03"
"Mad 350","2022-03"
"Mad 354","2022-03"
"Mad 356","2022-03"
"Mad 365","2022-03"
"Mad 386","2022-03"
"Mad 400","2022-03"
"Mad 418","2022-03"
"Mad 423","2022-03"
"Mad 429","2022-03"
"Mad Follies 1 [with insert]","[on hold for selling]"
"Mad Follies 1","2022-04+++"
"Mad Follies 2","2022-04+++"
"Mad Follies 3","2022-04+++"
"Mad Follies 4 [1]","2022-04+++"
"Mad Follies 4 [2]","[on hold for selling]"
"Mad Follies 5","2022-04+++"
"Mad Follies 6","2022-04+++"
"Mad Follies 7","2022-04+++"
"Mad Monsters 08","2022-05+++"
"Mad Special 001","2022-04+++"
"Mad Special 002 [2]","[on hold for selling]"
"Mad Special 002","2022-04+++"
"Mad Special 003","2022-04+++"
"Mad Special 004","2022-04+++"
"Mad Special 005","2022-04+++"
"Mad Special 006","2022-04+++"
"Mad Special 012","2022-04+++"
"Mad Special 013","2022-04+++"
"Mad Special 018","2022-04+++"
"Mad Special 021","2022-04+++"
"Mad Special 024","2022-04+++"
"Mad Special 036","2022-04+++"
"Mad Special 068","2022-04+++"
"Mad Special 084","2022-04+++"
"Mad Special 109","2022-04+++"
"Mad Special 126","2022-04+++"
"Mad Special 129","2022-04+++"
"Mad Special 131","2022-04+++"
"Mad Special 134","2022-04+++"
"Mad XL Extra Large 01","2022-04+++"
"Mad XL Extra Large 02","2022-04+++"
"Mad XL Extra Large 03","2022-04+++"
"Mad XL Extra Large 04","2022-04+++"
"Mad XL Extra Large 05","2022-04+++"
"Mad XL Extra Large 06","2022-04+++"
"Mad XL Extra Large 09","2022-04+++"
"Madhouse 10","2022-11"
"Magic Comics 078","2022-10"
"Magic Comics 112","2022-10"
"Magneto And The Magnetic Man 1","2022-10"
"Magnus Robot Fighter 24","2022-10"
"Man Comics 07","2022-16"
"Man Comics 11","2022-13"
"Man Of War 1","2022-10"
"Mars Attacks Baseball Special","2022-10"
"Mars Attacks [1994] 3","2022-10"
"Mars Attacks [1994] 4","2022-10"
"Mars Attacks [1994] 5","2022-10"
"Marvel Holiday Special 1991","2022-16"
"Marvel Holiday Special 1993","2022-16"
"Marvel Holiday Special 1994","2022-16"
"Marvel Holiday Special 1994-1995","2022-16"
"Marvel Holiday Special 1996","2022-18"
"Marvel Milestone Edition - Tales Of Suspense 39","2022-10"
"Marvel Tales 098","2022-17"
"Marvel Tales 146","2022-14"
"Mickey Mouse 065","2022-19"
"Mickey Mouse 071","2022-19"
"Mickey Mouse 073","2022-19"
"Mickey Mouse 164","2022-19"
"Mickey Mouse 167","2022-10"
"Mickey Mouse 185","2022-19"
"Mickey Mouse 252","2022-21"
"Mickey Mouse Adventures 03","2022-19"
"Mickey Mouse Adventures 06","2022-19"
"Mighty Heroes 1","2022-10"
"Mighty Mouse Fun Club Magazine 3","2022-14"
"Mighty Mouse Fun Club Magazine 6","2022-14"
"Mister Mystery 03","2022-14"
"Mole People [1]","2022-05+++"
"Mole People [2]","2022-05+++"
"Moment Of Silence 1","2022-21"
"Monster Menace 1","2022-17"
"Monster Menace 2","2022-17"
"Monster Menace 4","2022-17"
"Monsters On The Prowl 18","2022-20"
"Monsters On The Prowl 20","2022-20"
"Monsters On The Prowl 29","2022-20"
"More Trash From Mad 01","2022-04+++"
"More Trash From Mad 02 [no insert 1]","2022-04+++"
"More Trash From Mad 02 [no insert 2]","[on hold for selling]"
"More Trash From Mad 02 [with insert]","2022-04+++"
"More Trash From Mad 03","2022-04+++"
"More Trash From Mad 04 [with insert, no cover]","[on hold for selling]"
"More Trash From Mad 04 [with insert]","2022-04+++"
"More Trash From Mad 05","2022-04+++"
"More Trash From Mad 06","2022-04+++"
"More Trash From Mad 07","2022-04+++"
"More Trash From Mad 08","2022-04+++"
"More Trash From Mad 09","2022-04+++"
"More Trash From Mad 10","2022-04+++"
"More Trash From Mad 11","2022-04+++"
"More Trash From Mad 12 [1]","2022-04+++"
"More Trash From Mad 13 [2]","[on hold for selling]"
"Mort The Dead Teenager 1","2022-17"
"Mort The Dead Teenager 2","2022-17"
"Mort The Dead Teenager 3","2022-17"
"Mort The Dead Teenager 4","2022-17"
"Movie Classics - The Mummy","2022-18"
"Mr. Monster Presents Crack-A-Boom! 1","2022-17"
"Mr. Monster Presents Crack-A-Boom! 3","2022-17"
"Mr. Monster's True Crime 1","2022-20"
"Mr. Monster's True Crime 2","2022-16"
"Mutt & Jeff 029","2022-18"
"Mutt & Jeff 068","2022-18"
"Mutt & Jeff 072","2022-18"
"Mutt & Jeff 112","2022-18"
"Mutt & Jeff Jokes 3","2022-11"
"My Little Margie's Fashions 2","2022-18"
"My Own Romance 59","2022-14"
"My Terrible Romance 1","2022-18"
"Mystic 45","2022-17"
"National Comics 70","2022-18"
"National Lampoon v1#006","2022-02"
"National Lampoon v1#009","2022-02"
"National Lampoon v1#010","2022-06"
"National Lampoon v1#018","2022-02"
"National Lampoon v1#021","2022-06"
"National Lampoon v1#023","2022-06"
"National Lampoon v1#024","2022-02"
"National Lampoon v1#027","2022-06"
"National Lampoon v1#029","2022-06"
"National Lampoon v1#030","2022-06"
"National Lampoon v1#031","2022-06"
"National Lampoon v1#035","2022-06"
"National Lampoon v1#038","2022-02"
"National Lampoon v1#039","2022-06"
"National Lampoon v1#041","2022-06"
"National Lampoon v1#042","2022-06"
"National Lampoon v1#054","2022-06"
"National Lampoon v1#064","2022-02"
"National Lampoon v1#084","2022-02"
"National Lampoon v1#087","2022-02"
"National Lampoon v1#091","2022-06"
"National Lampoon v1#092","2022-02"
"National Lampoon v1#097","2022-06"
"National Lampoon v1#099","2022-02"
"National Lampoon v2#005","2022-02"
"National Lampoon v2#009","2022-02"
"National Lampoon v2#115","2022-06"
"National Lampoon v2#116","2022-06"
"National Lampoon v2#117","2022-06"
"National Lampoon v2#118","2022-06"
"National Lampoon v2#119","2022-06"
"National Lampoon v2#120","2022-06"
"National Lampoon v2#121","2022-06"
"National Lampoon v2#122","2022-06"
"National Lampoon v2#124","2022-06"
"National Lampoon v2#125","2022-06"
"National Lampoon v2#126","2022-06"
"National Lampoon v2#127","2022-06"
"National Lampoon v2#128","2022-06"
"National Lampoon v2#129","2022-06"
"National Lampoon v2#131","2022-06"
"National Lampoon v2#132","2022-06"
"National Lampoon v2#133","2022-06"
"National Lampoon v2#134","2022-06"
"National Lampoon v94#1","2022-06"
"National Lampoon v94#3","2022-06"
"National Lampoon v97#1","2022-06"
"Neat Stuff 02","2022-02"
"Neat Stuff 03","2022-02"
"Neat Stuff 05","2022-02"
"New Funnies 094","2022-10"
"New Love 2","2022-21"
"Night Force [2nd series] 01","2022-10"
"Night Force [2nd series] 02","2022-10"
"Night Force [2nd series] 03","2022-10"
"Nightmare 19","2022-05+++"
"Nightmare Theater 1","2022-11"
"Nightmare Theater 2","2022-11"
"Nightmare Theater 3","2022-11"
"Nightmare Theater 4","2022-11"
"Normalman 03","2022-10"
"Normalman 05","2022-10"
"Normalman 12","2022-10"
"Nuts! 1","2022-11"
"Nuts! 2","2022-18"
"Original Black Cat 01","2022-10"
"Overstreet Comic Book Monthly 04","2022-05+++"
"Overstreet Comic Book Monthly Marketplace 1","2022-05+++"
"Overstreet Comic Book Monthly Marketplace 2","2022-05+++"
"Overstreet Comic Price Guide 30","2022-09"
"Panic 01","2022-11"
"Panic 03","2022-11"
"Panic 04","2022-11"
"Panic 05","2022-11"
"Panic 06","2022-11"
"Panic 07","2022-11"
"Panic 08","2022-11"
"Panic 09","2022-11"
"Panic 11","2022-11"
"Panic 12","2022-11"
"Panic [Gemstone] 01","2022-08"
"Panic [Gemstone] 02","2022-08"
"Panic [Gemstone] 03","2022-08"
"Panic [Gemstone] 04","2022-08"
"Panic [Gemstone] 05","2022-08"
"Panic [Gemstone] 06","2022-08"
"Panic [Gemstone] 07","2022-08"
"Panic [Gemstone] 08","2022-08"
"Panic [Gemstone] 10","2022-08"
"Panic [Gemstone] 11","2022-08"
"Panic [Gemstone] 12","2022-08"
"Peanuts 11","2022-16"
"Pep Comics 080","2022-16"
"Pep Comics 088","2022-16"
"Personality Comics Presents The Beatles 4 - Featuring Ringo Starr","2022-10"
"Picture Stories From World History 02","2022-11"
"Piracy [Gemstone] 1","2022-09"
"Piracy [Gemstone] 2","2022-09"
"Piracy [Gemstone] 3","2022-09"
"Piracy [Gemstone] 4","2022-09"
"Piracy [Gemstone] 5","2022-09"
"Piracy [Gemstone] 6","2022-09"
"Piracy [Gemstone] 7","2022-09"
"Plastic Man v1#11","2024-12-29-1"
"Plastic Man v1#12 [1]","2024-12-29-1"
"Plastic Man v1#12 [2]","2024-12-29-1"
"Plastic Man v1#14","2024-12-29-1"
"Plastic Man v2#1","2024-12-29-1"
"Plastic Man v2#2","2024-12-29-1"
"Plop! 01","2022-17"
"Plop! 03","2022-17"
"Plop! 07","2022-17"
"Plop! 10","2022-17"
"Plop! 16","2022-17"
"Power Man And Iron Fist 57","2022-10"
"Psychoanalysis [Gemstone] 1","2022-09"
"Psychoanalysis [Gemstone] 2","2022-09"
"Psychoanalysis [Gemstone] 3","2022-09"
"Psychoanalysis [Gemstone] 4","2022-09"
"Punisher [5th series] 02","2022-10"
"Purple Claw [1963 I.W. Reprint]","2022-14"
"Racket Squad In Action 02","2022-13"
"Radio Boy 1","2022-21"
"Radioactive Man [2nd series] 0106","2022-21"
"Ray Bradbury Comics 1","2022-17"
"Ray Bradbury Comics 2","2022-17"
"Ray Bradbury Comics 3","2022-18"
"Ray Bradbury Comics 4","2022-18"
"Ray Bradbury Comics 5","2022-10"
"Ray Bradbury Comics 5","2022-17"
"Ray Bradbury Martian Chronicles 1","2022-18"
"Ray Bradbury's Tales Of Terror 1","2022-18"
"Ray Bradbury's The Illustrated Man 1","2022-18"
"Real Clue Crime Stories v3#7","2022-18"
"Real Clue Crime Stories v4#6","2022-14"
"Real Clue Crime Stories v4#9","2022-16"
"Real Screen Comics 066","2022-16"
"Real Screen Comics 090","2022-16"
"Real Screen Comics 110","2022-16"
"Real Screen Comics 116","2022-16"
"Real Screen Comics 119","2022-16"
"Real Screen Comics 121","2022-16"
"Ren & Stimpy Show 01","2022-10"
"Ren & Stimpy Show Special - Four Swerks 1","2022-10"
"Ren & Stimpy Show Special Powdered Toast Man 01","2022-10"
"Rip Off Comix 01","2022-18"
"Rip Off Comix 15","2022-06"
"Robin 10","2024-12-29-1"
"Robin Annual 3","2024-12-29-1"
"Robin Annual 4","2024-12-29-1"
"Robin Annual 5","2024-12-29-1"
"Rock 'N' Roll Comics - The Beatles Experience 8","2022-10"
"Sad Sack 097 [coverless]","2022-21"
"Sad Sack 139","2022-18"
"Sad Sack And The Sarge 038","2022-18"
"Sad Sack Laugh Special 04 [partial cover]","2022-21"
"Sad Sack Laugh Special 04","2022-18"
"Sad Sack's Army Life 09","2022-11"
"Sad Sack's Funny Friends 50 - Hi-Fi Tweeter","2022-18"
"Scary Godmother [2011 Halloween Ashcan]","2022-07"
"Scary Monsters 04","2022-05+++"
"Scary Monsters Monster Memories 05","2022-06"
"Secret Origins Annual Replica Edition 1","2022-16"
"Secrets Of Haunted House 32","2022-10"
"Secrets Of Haunted House 46","2022-10"
"Seduction Of The Innocent 1","2022-18"
"Seduction Of The Innocent 2","2022-18"
"Seduction Of The Innocent 3","2022-18"
"Seduction Of The Innocent 4","2022-18"
"Seduction Of The Innocent 5","2022-18"
"Seduction Of The Innocent 6","2022-18"
"Shock SuspenStories [Gemstone] 01","2022-08"
"Shock SuspenStories [Gemstone] 02","2022-08"
"Shock SuspenStories [Gemstone] 03","2022-08"
"Shock SuspenStories [Gemstone] 04","2022-08"
"Shock SuspenStories [Gemstone] 05","2022-08"
"Shock SuspenStories [Gemstone] 06","2022-08"
"Shock SuspenStories [Gemstone] 07","2022-08"
"Shock SuspenStories [Gemstone] 08","2022-08"
"Shock SuspenStories [Gemstone] 09","2022-08"
"Shock SuspenStories [Gemstone] 10","2022-08"
"Shock SuspenStories [Gemstone] 11","2022-08"
"Shock SuspenStories [Gemstone] 12","2022-08"
"Shock SuspenStories [Gemstone] 13","2022-08"
"Shock SuspenStories [Gemstone] 14","2022-08"
"Shock SuspenStories [Gemstone] 15","2022-08"
"Shock SuspenStories [Gemstone] 16","2022-08"
"Shock SuspenStories [Gemstone] 17","2022-08"
"Shock SuspenStories [Gemstone] 18","2022-08"
"Shocking Mystery Cases 52","2022-18"
"Short Order Comix 2","2022-06"
"Silver Age Classics - Adventure Comics 247","2022-14"
"Silver Age Classics - Detective 225","2022-14"
"Silver Age Classics - Detective 327","2022-14"
"Silver Age Classics - House of Secrets 92","2022-14"
"Simpsons Comics 027","2022-21"
"Simpsons Comics 065","2022-21"
"Simpsons Comics 066","2022-21"
"Simpsons Comics 067","2022-21"
"Simpsons Comics 068","2022-21"
"Simpsons Comics 069","2022-21"
"Simpsons Comics 070","2022-21"
"Simpsons Comics 071","2022-21"
"Simpsons Comics 072","2022-21"
"Simpsons Comics 073","2022-21"
"Simpsons Comics 074","2022-21"
"Simpsons Comics 075","2022-21"
"Simpsons Comics 076","2022-21"
"Simpsons Comics 077","2022-21"
"Simpsons Comics 078","2022-21"
"Simpsons Comics 079","2022-21"
"Simpsons Comics 080","2022-10"
"Simpsons Comics 081","2022-10"
"Simpsons Comics 082","2022-10"
"Simpsons Comics 083","2022-21"
"Simpsons Comics 084","2022-21"
"Simpsons Comics 085","2022-21"
"Simpsons Comics 086","2022-21"
"Simpsons Comics 087","2022-21"
"Simpsons Comics 088","2022-21"
"Simpsons Comics 089","2022-21"
"Simpsons Comics 090","2022-21"
"Simpsons Comics 091","2022-10"
"Simpsons Comics 092","2022-10"
"Simpsons Comics 093","2022-21"
"Simpsons Comics 094","2022-21"
"Simpsons Comics 095","2022-21"
"Simpsons Comics 096","2022-21"
"Simpsons Comics 097","2022-21"
"Simpsons Comics 098","2022-21"
"Simpsons Comics 099","2022-21"
"Simpsons Comics 100","2022-21"
"Simpsons Comics 101","2022-21"
"Simpsons Comics 102","2022-21"
"Simpsons Comics 103","2022-21"
"Simpsons Comics 104","2022-21"
"Simpsons Comics 105","2022-21"
"Simpsons Comics 106","2022-21"
"Simpsons Comics 107","2022-21"
"Simpsons Comics 108","2022-21"
"Simpsons Comics 109","2022-21"
"Simpsons Comics 110","2022-21"
"Simpsons Comics 111","2022-21"
"Simpsons Comics 112","2022-21"
"Simpsons Comics 113","2022-21"
"Simpsons Comics 114","2022-21"
"Simpsons Comics 115","2022-21"
"Simpsons Comics 116","2022-21"
"Simpsons Comics 117","2022-21"
"Simpsons Comics 118","2022-21"
"Simpsons Comics 119","2022-21"
"Simpsons Comics 120","2022-21"
"Simpsons Comics 121","2022-21"
"Simpsons Comics 122","2022-21"
"Simpsons Comics 123","2022-21"
"Simpsons Comics 124","2022-21"
"Simpsons Comics 125","2022-21"
"Simpsons Comics 126","2022-21"
"Simpsons Comics 127","2022-21"
"Simpsons Comics 128","2022-21"
"Simpsons Comics 129","2022-21"
"Simpsons Comics 130","2022-21"
"Simpsons Comics 131","2022-21"
"Simpsons Comics 132","2022-21"
"Simpsons Comics 133","2022-21"
"Simpsons Comics 134","2022-21"
"Simpsons Comics 135","2022-21"
"Simpsons Comics 136","2022-21"
"Simpsons Comics 137","2022-07"
"Simpsons Comics 138","2022-07"
"Simpsons Comics 139","2022-07"
"Simpsons Comics 140","2022-07"
"Simpsons Comics 141","2022-07"
"Simpsons Comics 142","2022-07"
"Simpsons Comics 143","2022-07"
"Simpsons Comics 144","2022-07"
"Simpsons Comics 145","2022-07"
"Simpsons Comics 146","2022-07"
"Simpsons Comics 147","2022-07"
"Simpsons Comics 148","2022-07"
"Simpsons Comics 149","2022-07"
"Simpsons Comics 150","2022-07"
"Simpsons Comics 151","2022-07"
"Simpsons Comics 152","2022-07"
"Simpsons Comics 153","2022-07"
"Simpsons Comics 154","2022-17"
"Simpsons Comics 155","2022-17"
"Simpsons Comics 156","2022-17"
"Simpsons Comics 157","2022-17"
"Simpsons Comics 158","2022-17"
"Simpsons Comics 159","2022-17"
"Simpsons Comics 160","2022-17"
"Simpsons Comics 161","2022-17"
"Simpsons Comics 162","2022-17"
"Simpsons Comics 163","2022-17"
"Simpsons Comics 164","2022-17"
"Simpsons Comics 165","2022-17"
"Simpsons Comics 166","2022-17"
"Simpsons Comics 167","2022-17"
"Simpsons Comics 168","2022-17"
"Simpsons Comics 169","2022-07"
"Simpsons Comics 170","2022-07"
"Simpsons Comics 171","2022-07"
"Simpsons Comics 172","2022-07"
"Simpsons Comics 173","2022-07"
"Simpsons Comics 174","2022-07"
"Simpsons Comics 175","2022-07"
"Simpsons Comics 176","2022-07"
"Simpsons Comics 177","2022-07"
"Simpsons Comics 178","2022-07"
"Simpsons Comics 179","2022-07"
"Simpsons Comics 180","2022-07"
"Simpsons Comics 181","2022-07"
"Simpsons Comics 182","2022-07"
"Simpsons Comics Presents Bart Simpson 007 - Boy Of Mystery","2022-21"
"Simpsons Comics Presents Bart Simpson 008 - Little Rascal","2022-21"
"Simpsons Comics Presents Bart Simpson 009 - Rabble Rouser","2022-21"
"Simpsons Comics Presents Bart Simpson 010 - Boy Of 1000 Faces","2022-21"
"Simpsons Comics Presents Bart Simpson 011 - Holy Terror","2022-21"
"Simpsons Comics Presents Bart Simpson 012 - American Idol","2022-10"
"Simpsons Comics Presents Bart Simpson 013 - Boy Without Fear","2022-21"
"Simpsons Comics Presents Bart Simpson 014 - The Yellow Kid","2022-21"
"Simpsons Comics Presents Bart Simpson 015 - Class Clown","2022-21"
"Simpsons Comics Presents Bart Simpson 016 - Mischief Maker","2022-21"
"Simpsons Comics Presents Bart Simpson 017 - The Return Of Bartman","2022-10"
"Simpsons Comics Presents Bart Simpson 018 - Thriller Diller","2022-21"
"Simpsons Comics Presents Bart Simpson 019 - Little Devil","2022-21"
"Simpsons Comics Presents Bart Simpson 020 - ChipOff The Ol' Block","2022-21"
"Simpsons Comics Presents Bart Simpson 021 - Boy Barber","2022-21"
"Simpsons Comics Presents Bart Simpson 022 - Scourge Of Homer","2022-21"
"Simpsons Comics Presents Bart Simpson 024 - Cartoon Genius","2022-21"
"Simpsons Comics Presents Bart Simpson 025 - Prince Of Pranks","2022-21"
"Simpsons Comics Presents Bart Simpson 026 - Big Spender","2022-21"
"Simpsons Comics Presents Bart Simpson 027 - Sneaky Pete","2022-21"
"Simpsons Comics Presents Bart Simpson 028 - Straight Shooter","2022-21"
"Simpsons Comics Presents Bart Simpson 029 - Puppet Master","2022-21"
"Simpsons Comics Presents Bart Simpson 030 - Boy Of Mystery","2022-21"
"Simpsons Comics Presents Bart Simpson 031 - Master Of Illusion","2022-21"
"Simpsons Comics Presents Bart Simpson 032 - Best In The West","2022-21"
"Simpsons Comics Presents Bart Simpson 032 - Leader Of The Pack","2022-21"
"Simpsons Comics Presents Bart Simpson 033 - Large & In Charge","2022-21"
"Simpsons Comics Presents Bart Simpson 034 - Sigmund Fraud","2022-21"
"Simpsons Comics Presents Bart Simpson 035 - High Stepper","2022-21"
"Simpsons Comics Presents Bart Simpson 036 - Pop Art Icon","2022-07"
"Simpsons Comics Presents Bart Simpson 037 - Role Model","2022-07"
"Simpsons Comics Presents Bart Simpson 038 - Numero Uno","2022-07"
"Simpsons Comics Presents Bart Simpson 039 - Standup Guy","2022-07"
"Simpsons Comics Presents Bart Simpson 040 - Showstopper","2022-07"
"Simpsons Comics Presents Bart Simpson 041 - Top Dog","2022-07"
"Simpsons Comics Presents Bart Simpson 042 - Sibling Rival","2022-07"
"Simpsons Comics Presents Bart Simpson 043 - Lisa's Brother","2022-07"
"Simpsons Comics Presents Bart Simpson 044 - Original Maverick","2022-07"
"Simpsons Comics Presents Bart Simpson 045 - Class Act","2022-07"
"Simpsons Comics Presents Bart Simpson 046 - Rock Star","2022-07"
"Simpsons Comics Presents Bart Simpson 047 - Title Blocker","2022-07"
"Simpsons Comics Presents Bart Simpson 048 - The Radioactive Man Event Part 2","2022-17"
"Simpsons Comics Presents Bart Simpson 049 - Self-Promoter","2022-17"
"Simpsons Comics Presents Bart Simpson 050 - Mad About Sergio","2022-17"
"Simpsons Comics Presents Bart Simpson 051 - Behind The Scenes","2022-17"
"Simpsons Comics Presents Bart Simpson 052 - Hobo Chillin'","2022-17"
"Simpsons Comics Presents Bart Simpson 053 - Prank Pitchman","2022-17"
"Simpsons Comics Presents Bart Simpson 054 - Li'l Firecracker","2022-17"
"Simpsons Comics Presents Bart Simpson 055 - Twisted Sister","2022-07"
"Simpsons Comics Presents Bart Simpson 056 - Sore Loser","2022-07"
"Simpsons Comics Presents Bart Simpson 057 - Desert Delinquent","2022-07"
"Simpsons Comics Presents Bart Simpson 058 - Toy Wonder","2022-07"
"Simpsons Comics Presents Bart Simpson 059 - King Of Late-Night","2022-07"
"Simpsons Comics Presents Bart Simpson 060 - Leader Of The Pack","2022-07"
"Simpsons Comics Presents Bart Simpson 061 - Star Maker","2022-07"
"Simpsons Comics Presents Bart Simpson 062 - Wage Slave","2022-07"
"Simpsons Comics Presents Bart Simpson 063 - Li'l Slugger","2022-07"
"Simpsons Futurama Crossover Crisis II 1","2022-21"
"Simpsons Futurama Crossover Crisis II 2","2022-21"
"Simpsons Illustrated 6 [no cover]","2022-05+++"
"Simpsons Illustrated 8 [index]","2022-05+++"
"Simpsons Illustrated 8","2022-05+++"
"Simpsons Illustrated 9 [index]","2022-05+++"
"Simpsons Illustrated 9","2022-05+++"
"Simpsons Summer Shindig 1","2022-21"
"Simpsons Summer Shindig 2","2022-07"
"Simpsons Summer Shindig 3","2022-17"
"Simpsons Summer Shindig 5","2022-07"
"Simpsons Super Spectacular 01","2022-21"
"Simpsons Super Spectacular 02","2022-21"
"Simpsons Super Spectacular 03","2022-21"
"Simpsons Super Spectacular 04","2022-21"
"Simpsons Super Spectacular 05","2022-07"
"Simpsons Super Spectacular 06","2022-07"
"Simpsons Super Spectacular 07","2022-07"
"Simpsons Super Spectacular 08","2022-07"
"Simpsons Super Spectacular 09","2022-17"
"Simpsons Super Spectacular 10","2022-17"
"Simpsons Treasure Trove 1","2022-07"
"Simpsons Winter Wingding 01","2022-21"
"Simpsons Winter Wingding 02","2022-21"
"Simpsons Winter Wingding 03","2022-07"
"Simpsons Winter Wingding 04","2022-17"
"Skull Comics 4","2022-06"
"Slow Death 11","2022-06"
"Smell Of Steve 1","2022-10"
"Snafu 01","2022-02"
"Snow White And The Seven Dwarves","2022-10"
"Sparkle Comics 27","2022-18"
"Spectacular Spider-Man 213","2022-10"
"Spectacular Spider-Man 241","2022-10"
"Spectre v2#00","2024-12-29-1"
"Speed Demon 1","2022-10"
"Spellbound 25","2022-14"
"Spellbound 27","2022-14"
"Spider-Boy 1","2022-10"
"Spirit 12","2022-05+++"
"Spook 25","2022-18"
"Spooky Mysteries 1","2022-16"
"Spooky Spooktown 25","2022-16"
"Sports Illustrated - 35th Anniversary","2022-02"
"Spy Cases 18","2022-18"
"Stark Terror 4","2022-05+++"
"Starstream 2","2022-10"
"Starstream 3","2022-10"
"Starstream 4","2022-10"
"Startling Stories The Megalomaniacal Spider-Man 1","2022-21"
"Steel 08 [1]","2024-12-29-1"
"Steel 08 [2]","2024-12-29-1"
"Steel Annual 1","2024-12-29-1"
"Strange Adventures 227","2022-16"
"Strange Adventures 4","2022-17"
"Strange Sports Stories 1","2022-10"
"Strange Stories Of Suspense 16","2022-18"
"Stumbo Tinytown 09","2022-17"
"Stupid Comics 1","2022-21"
"Sugar And Spike 22","2022-13"
"Sugar And Spike 42","2022-13"
"Sugar And Spike 66","2022-13"
"Sugar And Spike 78","2022-13"
"Sugar And Spike 80","2022-11"
"Sugar And Spike 81","2022-13"
"Sugar And Spike 84","2022-13"
"Super DC Giant 27 - Strange Flying Saucers Adventures","2022-13"
"Super Soldier 1","2022-10"
"Superboy Annual 1 [1]","2024-12-29-1"
"Superboy Annual 1 [2]","2024-12-29-1"
"Superboy v3#00","2024-12-29-1"
"Superboy v3#08","2024-12-29-1"
"Superman & Bugs Bunny 1","2024-12-29-1"
"Superman - The Wedding Album 1","2024-12-29-1"
"Superman Adventures 06","2024-12-29-1"
"Superman Adventures 10","2022-21"
"Superman Annual v1#05","2022-16"
"Superman Annual v2#06","2024-12-29-1"
"Superman Annual v2#07","2024-12-29-1"
"Superman Annual v2#10","2022-10"
"Superman Family 167","2022-16"
"Superman Red Superman Blue 1 [polybagged with bonus Superman 3-D book]","2024-12-29-1"
"Superman The Man Of Steel 000","2024-12-29-1"
"Superman The Man Of Steel 020","2022-17"
"Superman The Man Of Steel 021","2022-17"
"Superman The Man Of Steel 022","2022-17"
"Superman The Man Of Steel 023","2022-17"
"Superman The Man Of Steel 024","2022-17"
"Superman The Man Of Steel 025","2022-17"
"Superman The Man Of Steel 026","2022-17"
"Superman The Man Of Steel 027","2022-17"
"Superman The Man Of Steel 034","2024-12-29-1"
"Superman The Man Of Steel 037","2024-12-29-1"
"Superman The Man Of Steel Annual 3","2024-12-29-1"
"Superman v2#075 [1st printing]","2022-17"
"Superman v2#075 [4th printing]","2022-17"
"Superman v2#076","2022-17"
"Superman v2#077","2022-17"
"Superman v2#078","2022-17"
"Superman v2#079","2022-17"
"Superman v2#080","2022-17"
"Superman v2#081","2022-17"
"Superman v2#082","2022-17"
"Superman v2#083","2022-17"
"Superman v2#090","2024-12-29-1"
"Superman v2#093","2024-12-29-1"
"Sweatshop 1 [1]","2022-21"
"Sweatshop 1 [2]","2022-21"
"Sweatshop 2 [1]","2022-21"
"Sweatshop 2 [2]","2022-21"
"Sweatshop 3 [2]","2022-21"
"Sweatshop 3","2022-21"
"Sweatshop 4","2022-21"
"Sweatshop 5","2022-21"
"TV Casper And Company 13","2022-16"
"TV Casper And Company 20","2022-16"
"Tale Of One Bad Rat 1","2022-17"
"Tale Of One Bad Rat 2","2022-17"
"Tale Of One Bad Rat 3","2022-17"
"Tale Of One Bad Rat 4","2022-17"
"Tales Calculated To Drive You Mad 1","2022-04+++"
"Tales Calculated To Drive You Mad 2","2022-04+++"
"Tales Calculated To Drive You Mad 3","2022-04+++"
"Tales Calculated To Drive You Mad 4","2022-04+++"
"Tales Calculated To Drive You Mad 5","2022-04+++"
"Tales Calculated To Drive You Mad 6","2022-04+++"
"Tales Calculated To Drive You Mad 7","2022-04+++"
"Tales Calculated To Drive You Mad 8","2022-04+++"
"Tales From The Crypt 31","2022-11"
"Tales From The Crypt 34","2022-11"
"Tales From The Crypt 39","2022-11"
"Tales From The Crypt [Cochran] 01","2022-09"
"Tales From The Crypt [Cochran] 02","2022-09"
"Tales From The Crypt [Cochran] 04","2022-09"
"Tales From The Crypt [Cochran] 05","2022-09"
"Tales From The Crypt [Cochran] 06","2022-09"
"Tales From The Crypt [Gemstone] 01","2022-08"
"Tales From The Crypt [Gemstone] 02","2022-08"
"Tales From The Crypt [Gemstone] 03","2022-08"
"Tales From The Crypt [Gemstone] 04","2022-08"
"Tales From The Crypt [Gemstone] 05","2022-08"
"Tales From The Crypt [Gemstone] 06","2022-08"
"Tales From The Crypt [Gemstone] 07 [1]","2022-08"
"Tales From The Crypt [Gemstone] 07 [2]","2022-08"
"Tales From The Crypt [Gemstone] 08","2022-08"
"Tales From The Crypt [Gemstone] 09","2022-08"
"Tales From The Crypt [Gemstone] 10","2022-08"
"Tales From The Crypt [Gemstone] 12","2022-08"
"Tales From The Crypt [Gemstone] 13","2022-08"
"Tales From The Crypt [Gemstone] 14","2022-08"
"Tales From The Crypt [Gemstone] 15","2022-08"
"Tales From The Crypt [Gemstone] 16","2022-08"
"Tales From The Crypt [Gemstone] 17","2022-08"
"Tales From The Crypt [Gemstone] 18","2022-08"
"Tales From The Crypt [Gemstone] 19","2022-08"
"Tales From The Crypt [Gemstone] 20","2022-08"
"Tales From The Crypt [Gemstone] 21","2022-08"
"Tales From The Crypt [Gemstone] 22","2022-08"
"Tales From The Crypt [Gemstone] 23","2022-08"
"Tales From The Crypt [Gemstone] 24","2022-08"
"Tales From The Crypt [Gemstone] 25","2022-08"
"Tales From The Crypt [Gemstone] 26","2022-08"
"Tales From The Crypt [Gemstone] 27","2022-08"
"Tales From The Crypt [Gemstone] 28","2022-08"
"Tales From The Crypt [Gemstone] 29","2022-08"
"Tales From The Crypt [Gemstone] 30","2022-08"
"Tales From The Crypt [Gladstone] 02","2022-09"
"Tales From The Crypt [Gladstone] 03","2022-09"
"Tales From The Crypt [Gladstone] 04","2022-09"
"Tales From The Crypt [Gladstone] 06","2022-09"
"Tales From The Plague 1","2022-06"
"Tales To Offend 1","2022-16"
"Tales Too Terrible To Tell 01","2022-18"
"Tales Too Terrible To Tell 02","2022-17"
"Tales Too Terrible To Tell 03","2022-17"
"Tales Too Terrible To Tell 04","2022-18"
"Tales Too Terrible To Tell 05","2022-17"
"Tales Too Terrible To Tell 06","2022-18"
"Tales Too Terrible To Tell 07","2022-18"
"Tales Too Terrible To Tell 08","2022-18"
"Tales Too Terrible To Tell 09","2022-18"
"Tales Too Terrible To Tell 10","2022-18"
"Tales Too Terrible To Tell 11","2022-18"
"Terror Tales 1","2022-10"
"Terror Tales 1","2022-16"
"Thirteen Going On Eighteen 23","2022-18"
"This Magazine Is Haunted 13","2022-16"
"This Magazine Is Haunted 16","2022-14"
"This Magazine Is Haunted 19","2022-14"
"Three Dimensional Adventures Of Superman [in Superman Red Superman Blue 1 polybag]","2024-12-29-1"
"Tip Top Comics 219","2022-18"
"Tipper Gore's Comics And Stories 1","2022-16"
"Tipper Gore's Comics And Stories 4","2022-18"
"Tom Corbett, Space Cadet 09","2022-10"
"Tom Strong 01","2022-10"
"Tom Strong 14","2022-21"
"Tomb Of Terror  14","2022-11"
"Tomorrow Stories 06","2022-10"
"Tower Of Shadows 3","2022-20"
"Tower Of Shadows Annual 1","2022-20"
"Toxic Crusaders 1","2022-10"
"Treasure Chest v04#06","2022-10"
"Treasure Chest v06#13","2022-10"
"Treasure Chest v12#17","2022-10"
"Treasure Chest v19#09","2022-10"
"Treasure Chest v20#04","2022-10"
"True Comics 62","2022-10"
"True Comics 76","2022-18"
"True Story Of Smokey Bear","2022-17"
"Tubby 05","2022-15"
"Tubby 07","2022-15"
"Tubby 09","2022-15"
"Tubby 10","2022-15"
"Tubby 11","2022-15"
"Tubby 13","2022-15"
"Tubby 15","2022-15"
"Tubby 16","2022-15"
"Tubby 17","2022-15"
"Tubby 18","2022-15"
"Tubby 20","2022-15"
"Tubby 21","2022-15"
"Tubby 22","2022-15"
"Tubby 23","2022-15"
"Tubby 25","2022-15"
"Tubby 27","2022-15"
"Tubby 29","2022-15"
"Tubby 30","2022-15"
"Tubby 32","2022-15"
"Tubby 33","2022-15"
"Tubby 34","2022-15"
"Tubby 35","2022-15"
"Tubby 36","2022-15"
"Tubby 37","2022-15"
"Tubby 39","2022-15"
"Tubby 41","2022-15"
"Tubby 42","2022-15"
"Tubby 43","2022-15"
"Two-Fisted Tales [Gemstone] 01","2022-08"
"Two-Fisted Tales [Gemstone] 02","2022-08"
"Two-Fisted Tales [Gemstone] 03","2022-08"
"Two-Fisted Tales [Gemstone] 04","2022-08"
"Two-Fisted Tales [Gemstone] 05","2022-08"
"Two-Fisted Tales [Gemstone] 06","2022-08"
"Two-Fisted Tales [Gemstone] 07","2022-08"
"Two-Fisted Tales [Gemstone] 10","2022-08"
"Two-Fisted Tales [Gemstone] 11","2022-08"
"Two-Fisted Tales [Gemstone] 12","2022-08"
"Two-Fisted Tales [Gemstone] 13","2022-08"
"Two-Fisted Tales [Gemstone] 14","2022-08"
"Two-Fisted Tales [Gemstone] 15","2022-08"
"Two-Fisted Tales [Gemstone] 16","2022-08"
"Two-Fisted Tales [Gemstone] 17","2022-08"
"Two-Fisted Tales [Gemstone] 18","2022-08"
"Two-Fisted Tales [Gemstone] 19","2022-08"
"Two-Fisted Tales [Gemstone] 20","2022-08"
"Two-Fisted Tales [Gemstone] 21","2022-08"
"Two-Fisted Tales [Gemstone] 22","2022-08"
"Two-Fisted Tales [Gemstone] 23","2022-08"
"Two-Fisted Tales [Gemstone] 24","2022-08"
"Tyrant 4","2022-21"
"Uncanny Tales 30","2022-10"
"Uncanny Tales 53","2022-10"
"Uncanny Tales 56","2022-14"
"Uncanny Tales From The Grave 01","2022-20"
"Uncanny Tales From The Grave 03","2022-20"
"Uncanny Tales From The Grave 06","2022-20"
"Uncanny Tales From The Grave 08","2022-20"
"Uncanny Tales From The Grave 09","2022-20"
"Uncanny Tales From The Grave 11","2022-20"
"Uncle Scrooge & Donald Duck 1","2022-13"
"Uncle Scrooge 008","2022-13"
"Uncle Scrooge 011","2022-13"
"Uncle Scrooge 020","2022-10"
"Uncle Scrooge 020","2022-13"
"Uncle Scrooge 024","2022-13"
"Uncle Scrooge 025","2022-13"
"Uncle Scrooge 026 [no cover]","2022-13"
"Uncle Scrooge 029","2022-13"
"Uncle Scrooge 032","2022-13"
"Uncle Scrooge 034 [no cover]","2022-13"
"Uncle Scrooge 037","2022-13"
"Uncle Scrooge 044 [no cover]","2022-13"
"Uncle Scrooge 061 [no cover]","2022-13"
"Uncle Scrooge 110","2022-13"
"Uncle Scrooge 113","2022-13"
"Uncle Scrooge 115","2022-13"
"Uncle Scrooge 121 [no cover]","2022-13"
"Uncle Scrooge 128","2022-13"
"Uncle Scrooge 129","2022-13"
"Uncle Scrooge 130","2022-13"
"Uncle Scrooge 134","2022-13"
"Uncle Scrooge 146","2022-13"
"Uncle Scrooge 158","2022-13"
"Uncle Scrooge 219","2022-13"
"Uncle Scrooge 220","2022-13"
"Uncle Scrooge 228","2022-10"
"Uncle Scrooge 228","2022-13"
"Uncle Scrooge 230","2022-10"
"Uncle Scrooge 237","2022-13"
"Uncle Scrooge 242","2022-13"
"Uncle Scrooge 243","2022-13"
"Uncle Scrooge 245","2022-13"
"Uncle Scrooge 247","2022-13"
"Uncle Scrooge 248","2022-13"
"Uncle Scrooge 251","2022-13"
"Uncle Scrooge 255","2022-13"
"Uncle Scrooge 256","2022-13"
"Uncle Scrooge 257","2022-13"
"Uncle Scrooge 258","2022-13"
"Uncle Scrooge 259","2022-13"
"Uncle Scrooge 260","2022-13"
"Uncle Scrooge 262","2022-13"
"Uncle Scrooge 263","2022-13"
"Uncle Scrooge 264","2022-13"
"Uncle Scrooge 269","2022-10"
"Uncle Scrooge 269","2022-13"
"Uncle Scrooge 275","2022-13"
"Uncle Scrooge 276","2022-13"
"Uncle Scrooge 277","2022-13"
"Uncle Scrooge 278","2022-13"
"Uncle Scrooge 283","2022-13"
"Uncle Scrooge 284","2022-13"
"Uncle Scrooge 285","2022-13"
"Uncle Scrooge 286","2022-13"
"Uncle Scrooge 287","2022-13"
"Uncle Scrooge 288","2022-10"
"Uncle Scrooge 288","2022-13"
"Uncle Scrooge 289","2022-13"
"Uncle Scrooge 290","2022-13"
"Uncle Scrooge 291","2022-13"
"Uncle Scrooge 292","2022-13"
"Uncle Scrooge 294","2022-13"
"Uncle Scrooge 295","2022-13"
"Uncle Scrooge 296","2022-13"
"Uncle Scrooge 297","2022-13"
"Uncle Scrooge 300","2022-10"
"Uncle Scrooge 300","2022-13"
"Uncle Scrooge 325","2022-11"
"Uncle Scrooge Adventures 03","2022-13"
"Uncle Scrooge Adventures 09","2022-10"
"Uncle Scrooge Adventures 14","2022-13"
"Uncle Scrooge Adventures 22","2022-13"
"Uncle Scrooge Adventures 23","2022-13"
"Uncle Scrooge Adventures 24","2022-13"
"Uncle Scrooge Adventures 26","2022-13"
"Uncle Scrooge Adventures 27","2022-13"
"Uncle Scrooge Adventures 28","2022-13"
"Uncle Scrooge Adventures 30","2022-13"
"Uncle Scrooge Adventures 32","2022-10"
"Uncle Scrooge Adventures 32","2022-13"
"Uncle Scrooge Adventures 33","2022-13"
"Uncle Scrooge Adventures 34","2022-13"
"Uncle Scrooge Adventures 36","2022-13"
"Uncle Scrooge And Donald Duck 1","2022-13"
"Uncle Scrooge [Malaysian version]","2022-13"
"Underworld Unleashed - Batman Devil's Asylum 1","2024-12-29-1"
"Unexpected 121","2022-18"
"Unexpected 137","2022-18"
"Unexpected 139","2022-17"
"Unexpected 161","2022-14"
"Unexpected 188","2022-17"
"Unexpected Special 1977","2022-18"
"Universal Monsters The Mummy","2022-10"
"Unknown Worlds 32","2022-13"
"Valor 23","2024-12-29-1"
"Valor [Gemstone] 1","2022-09"
"Valor [Gemstone] 2","2022-09"
"Valor [Gemstone] 3","2022-09"
"Valor [Gemstone] 4","2022-09"
"Valor [Gemstone] 5","2022-09"
"Vault Of Evil 01","2022-20"
"Vault Of Evil 02","2022-20"
"Vault Of Evil 03","2022-20"
"Vault Of Evil 04","2022-20"
"Vault Of Evil 05","2022-20"
"Vault Of Evil 06","2022-20"
"Vault Of Evil 07","2022-20"
"Vault Of Evil 08","2022-20"
"Vault Of Evil 09","2022-10"
"Vault Of Evil 09","2022-20"
"Vault Of Evil 10","2022-20"
"Vault Of Evil 11","2022-20"
"Vault Of Evil 12","2022-20"
"Vault Of Evil 13","2022-20"
"Vault Of Evil 14","2022-20"
"Vault Of Evil 15","2022-20"
"Vault Of Evil 16","2022-20"
"Vault Of Evil 17","2022-20"
"Vault Of Evil 18","2022-20"
"Vault Of Evil 19","2022-20"
"Vault Of Evil 20","2022-20"
"Vault Of Evil 21","2022-20"
"Vault Of Evil 22","2022-20"
"Vault Of Evil 23","2022-20"
"Vault Of Horror 22","2022-11"
"Vault Of Horror 27","2022-11"
"Vault Of Horror 33","2022-11"
"Vault Of Horror [Cochran] 01","2022-09"
"Vault Of Horror [Cochran] 02","2022-09"
"Vault Of Horror [Cochran] 03","2022-09"
"Vault Of Horror [Cochran] 04","2022-09"
"Vault Of Horror [Cochran] 05","2022-09"
"Vault Of Horror [Gemstone] 01 [1]","2022-08"
"Vault Of Horror [Gemstone] 01 [2]","2022-08"
"Vault Of Horror [Gemstone] 02","2022-08"
"Vault Of Horror [Gemstone] 03","2022-08"
"Vault Of Horror [Gemstone] 04","2022-08"
"Vault Of Horror [Gemstone] 05","2022-08"
"Vault Of Horror [Gemstone] 06","2022-08"
"Vault Of Horror [Gemstone] 09","2022-08"
"Vault Of Horror [Gemstone] 10","2022-08"
"Vault Of Horror [Gemstone] 11 [1]","2022-08"
"Vault Of Horror [Gemstone] 11 [2]","2022-08"
"Vault Of Horror [Gemstone] 12","2022-08"
"Vault Of Horror [Gemstone] 13","2022-08"
"Vault Of Horror [Gemstone] 14","2022-08"
"Vault Of Horror [Gemstone] 15","2022-08"
"Vault Of Horror [Gemstone] 16","2022-08"
"Vault Of Horror [Gemstone] 17","2022-08"
"Vault Of Horror [Gemstone] 18","2022-08"
"Vault Of Horror [Gemstone] 19","2022-08"
"Vault Of Horror [Gemstone] 20","2022-08"
"Vault Of Horror [Gemstone] 21","2022-08"
"Vault Of Horror [Gemstone] 22","2022-08"
"Vault Of Horror [Gemstone] 23","2022-08"
"Vault Of Horror [Gemstone] 24","2022-08"
"Vault Of Horror [Gemstone] 25","2022-08"
"Vault Of Horror [Gemstone] 26","2022-08"
"Vault Of Horror [Gemstone] 28","2022-08"
"Vault Of Horror [Gemstone] 29","2022-08"
"Vault Of Horror [Gladstone] 01","2022-09"
"Vault Of Horror [Gladstone] 02","2022-09"
"Vault Of Horror [Gladstone] 03","2022-09"
"Vault Of Horror [Gladstone] 04","2022-09"
"Vault Of Horror [Gladstone] 05","2022-09"
"Vault Of Horror [Gladstone] 06","2022-09"
"Vertigo Preview 1","2022-10"
"Voodoo 14","2022-18"
"Wally Wood's Horny Toads 1","2022-06"
"Walt Disney Giant 1 - Scrooge McDuck In The Yukon","2022-13"
"Walt Disney Giant 2 - Uncle Scrooge In Arabia","2022-13"
"Walt Disney Giant 3 - The Mighty Duck","2022-13"
"Walt Disney Presents 4","2022-10"
"Walt Disney's Christmas Parade  [Gladstone] 1","2022-12"
"Walt Disney's Christmas Parade  [Gladstone] 2","2022-12"
"Walt Disney's Comics And Stories 095","2022-12"
"Walt Disney's Comics And Stories 120","2022-13"
"Walt Disney's Comics And Stories 124","2022-13"
"Walt Disney's Comics And Stories 128","2022-19"
"Walt Disney's Comics And Stories 130","2022-19"
"Walt Disney's Comics And Stories 158","2022-19"
"Walt Disney's Comics And Stories 168","2022-19"
"Walt Disney's Comics And Stories 177","2022-13"
"Walt Disney's Comics And Stories 192","2022-19"
"Walt Disney's Comics And Stories 201","2022-19"
"Walt Disney's Comics And Stories 228","2022-19"
"Walt Disney's Comics And Stories 230","2022-19"
"Walt Disney's Comics And Stories 234","2022-19"
"Walt Disney's Comics And Stories 235","2022-10"
"Walt Disney's Comics And Stories 235","2022-19"
"Walt Disney's Comics And Stories 238","2022-19"
"Walt Disney's Comics And Stories 249 [coverless]","2022-19"
"Walt Disney's Comics And Stories 254","2022-19"
"Walt Disney's Comics And Stories 379 [coverless]","2022-19"
"Walt Disney's Comics And Stories 393 [coverless]","2022-19"
"Walt Disney's Comics And Stories 395 [coverless]","2022-19"
"Walt Disney's Comics And Stories 414","2022-19"
"Walt Disney's Comics And Stories 427","2022-19"
"Walt Disney's Comics And Stories 432","2022-19"
"Walt Disney's Comics And Stories 434 [coverless]","2022-19"
"Walt Disney's Comics And Stories 440","2022-19"
"Walt Disney's Comics And Stories 453","2022-19"
"Walt Disney's Comics And Stories 458","2022-19"
"Walt Disney's Comics And Stories 461","2022-19"
"Walt Disney's Comics And Stories 487","2022-19"
"Walt Disney's Comics And Stories 488","2022-19"
"Walt Disney's Comics And Stories 489","2022-19"
"Walt Disney's Comics And Stories 491","2022-19"
"Walt Disney's Comics And Stories 495","2022-19"
"Walt Disney's Comics And Stories 497","2022-19"
"Walt Disney's Comics And Stories 498","2022-19"
"Walt Disney's Comics And Stories 515","2022-19"
"Walt Disney's Comics And Stories 520","2022-19"
"Walt Disney's Comics And Stories 534","2022-10"
"Walt Disney's Comics And Stories 535","2022-10"
"Walt Disney's Comics And Stories 544","2022-19"
"Walt Disney's Comics And Stories 545","2022-19"
"Walt Disney's Comics And Stories 548","2022-19"
"Walt Disney's Comics And Stories 549","2022-19"
"Walt Disney's Comics And Stories 554","2022-10"
"Walt Disney's Comics And Stories 554","2022-19"
"Walt Disney's Comics And Stories 555","2022-19"
"Walt Disney's Comics And Stories 556","2022-10"
"Walt Disney's Comics And Stories 556","2022-19"
"Walt Disney's Comics And Stories 561","2022-19"
"Walt Disney's Comics And Stories 563","2022-10"
"Walt Disney's Comics And Stories 563","2022-19"
"Walt Disney's Comics And Stories 568","2022-19"
"Walt Disney's Comics And Stories 571","2022-19"
"Walt Disney's Comics And Stories 578","2022-19"
"Walt Disney's Comics And Stories 600","2022-19"
"Walt Disney's Comics And Stories 604","2022-19"
"Walt Disney's Comics And Stories 610","2022-19"
"Walt Disney's Holiday Parade 2","2022-12"
"Walt Disney's Mickey And Donald 17","2022-19"
"Walt Disney's Mickey And Donald 18","2022-19"
"Walt Disney's Mickey And Donald 20","2022-19"
"Walt Disney's Mickey And Donald 25","2022-19"
"Wanted Comics 20","2022-13"
"Wanted Comics 33","2022-16"
"War Against Crime 06","2022-18"
"War Against Crime! [Gemstone] 02","2022-09"
"War Against Crime! [Gemstone] 03","2022-09"
"War Against Crime! [Gemstone] 05","2022-09"
"War Against Crime! [Gemstone] 06","2022-09"
"War Against Crime! [Gemstone] 07","2022-09"
"War Against Crime! [Gemstone] 08","2022-09"
"War Against Crime! [Gemstone] 09","2022-09"
"War Against Crime! [Gemstone] 10","2022-09"
"War Against Crime! [Gemstone] 11","2022-09"
"War Is Hell 02","2022-20"
"War Is Hell 03","2022-20"
"War Is Hell 09","2022-20"
"War Is Hell 13","2022-20"
"War Is Hell 15","2022-20"
"Wasteland 05","2022-10"
"Wasteland 11","2022-10"
"Wasteland 14","2022-10"
"Wasteland 15","2022-10"
"Wasteland 16","2022-10"
"Weird Fantasies 1","2022-21"
"Weird Fantasy [Gemstone] 01","2022-08"
"Weird Fantasy [Gemstone] 02","2022-08"
"Weird Fantasy [Gemstone] 03","2022-08"
"Weird Fantasy [Gemstone] 04","2022-08"
"Weird Fantasy [Gemstone] 05","2022-08"
"Weird Fantasy [Gemstone] 06","2022-08"
"Weird Fantasy [Gemstone] 09","2022-08"
"Weird Fantasy [Gemstone] 11","2022-08"
"Weird Fantasy [Gemstone] 12","2022-08"
"Weird Fantasy [Gemstone] 13","2022-08"
"Weird Fantasy [Gemstone] 14","2022-08"
"Weird Fantasy [Gemstone] 15","2022-08"
"Weird Fantasy [Gemstone] 16","2022-08"
"Weird Fantasy [Gemstone] 17","2022-08"
"Weird Fantasy [Gemstone] 18","2022-08"
"Weird Fantasy [Gemstone] 19","2022-08"
"Weird Fantasy [Gemstone] 20","2022-08"
"Weird Fantasy [Gemstone] 21","2022-08"
"Weird Fantasy [Gemstone] 22","2022-08"
"Weird Science [Gemstone] 01","2022-09"
"Weird Science [Gemstone] 02 [1]","2022-09"
"Weird Science [Gemstone] 02 [2]","2022-09"
"Weird Science [Gemstone] 03","2022-09"
"Weird Science [Gemstone] 04","2022-09"
"Weird Science [Gemstone] 05","2022-09"
"Weird Science [Gemstone] 06","2022-09"
"Weird Science [Gemstone] 07","2022-09"
"Weird Science [Gemstone] 08","2022-09"
"Weird Science [Gemstone] 09","2022-09"
"Weird Science [Gemstone] 11","2022-09"
"Weird Science [Gemstone] 12","2022-09"
"Weird Science [Gemstone] 13","2022-09"
"Weird Science [Gemstone] 14","2022-09"
"Weird Science [Gemstone] 15","2022-09"
"Weird Science [Gemstone] 16","2022-09"
"Weird Science [Gemstone] 17","2022-09"
"Weird Science [Gemstone] 18","2022-09"
"Weird Science [Gemstone] 19","2022-09"
"Weird Science [Gemstone] 20","2022-09"
"Weird Science [Gemstone] 21","2022-09"
"Weird Science [Gemstone] 22","2022-09"
"Weird Science [Gladstone] 01","2022-09"
"Weird Science [Gladstone] 02","2022-09"
"Weird Science [Gladstone] 03","2022-09"
"Weird Science [Gladstone] 04","2022-09"
"Weird Science-Fantasy [Gemstone] 1","2022-09"
"Weird Science-Fantasy [Gemstone] 2","2022-09"
"Weird Science-Fantasy [Gemstone] 3","2022-09"
"Weird Science-Fantasy [Gemstone] 4","2022-09"
"Weird Science-Fantasy [Gemstone] 5","2022-09"
"Weird War Tales Special 01","2022-17"
"Weird Wonder Tales 02","2022-20"
"Weird Wonder Tales 03","2022-20"
"Weird Wonder Tales 09","2022-20"
"Weird Wonder Tales 15","2022-20"
"Weird Wonder Tales 16","2022-20"
"Weird Wonder Tales 19","2022-20"
"Weird Wonder Tales 20","2022-20"
"Weird Wonder Tales 21","2022-20"
"Weird Wonder Tales 22","2022-20"
"Weirdo 04","2022-06"
"Weirdo 06","2022-06"
"Weirdo 11","2022-06"
"Weirdo 15","2022-06"
"Weirdo 17","2022-06"
"Weirdo 25","2022-06"
"Welcome Back To... The House Of Mystery 01","2022-17"
"Wetworks 01","2022-10"
"Whack 3","2022-13"
"Where Monsters Dwell 29","2022-20"
"Where Monsters Dwell 30","2022-20"
"Where Monsters Dwell 31","2022-20"
"Where Monsters Dwell 32","2022-20"
"Wilbur Comic 70","2022-18"
"Witching Hour 06","2022-14"
"Wonder Man 05","2022-10"
"World Around Us 06 - The Illustrated Story Of The FBI","2022-10"
"World Around Us 15 - Prehistoric Animals","2022-14"
"World Around Us 20 - Time And Space - Communications","2022-14"
"World Around Us 21 - American Presidents","2022-14"
"World Around Us 34 - Fishing","2022-14"
"World's Best Comics Golden Age Sampler 0","2022-21"
"World's Finest 226","2024-12-29-1"
"Worlds Unknown 1","2022-20"
"Worst From Mad 01","2022-04+++"
"Worst From Mad 02","2022-04+++"
"Worst From Mad 03","2022-04+++"
"Worst From Mad 04 [higher grade]","2022-04+++"
"Worst From Mad 04 [lower grade]","[on hold for selling]"
"Worst From Mad 05","2022-04+++"
"Worst From Mad 06","2022-04+++"
"Worst From Mad 07 [1]","2022-04+++"
"Worst From Mad 07 [2]","[on hold for selling]"
"Worst From Mad 08","2022-04+++"
"Worst From Mad 09","2022-04+++"
"Worst From Mad 10","2022-04+++"
"Worst From Mad 11","2022-04+++"
"Worst From Mad 12","2022-04+++"
"X-Files Annual 1","2022-10"
"X-Patrol 1","2022-10"
"Zero Hour - Crisis In Time 0","2024-12-29-1"
"Zero Hour - Crisis In Time 1","2024-12-29-1"
"Zero Hour - Crisis In Time 2 [1]","2024-12-29-1"
"Zero Hour - Crisis In Time 2 [2]","2024-12-29-1"
"Zero Hour - Crisis In Time 3","2024-12-29-1"
"Zero Hour - Crisis In Time 4","2024-12-29-1"
"Zombie World - Dead End 1","2022-10"
"Zombie World - Dead End 2","2022-10"
"[+ check it - how many are there] More Trash From Mad 2 [with insert]","2022-04+++"
"~Creepy 055 [check this]","2022-05+++"
"~Creepy 056 [check this]","2022-05+++"
"~Creepy 058 [check this too]","2022-05+++"
"~Creepy 058 [check this]","2022-05+++"
"~Creepy 059 [check this]","2022-05+++"
"~Creepy 079 [check this]","2022-05+++"
"~Fifties Terror 2 [check]","2022-14"
